Degree_Level,Country_Aiming,Exam_Type,IELTS,TOEFL,PTE,DET,GRE,CGPA,SOP,LOR,Research,Work_Experience_Years,Program_Competitiveness,Chance_of_Admit
Masters,New Zealand,GRE,0.0,0,0,0,321,7.5,4.8,3.9,0,4,3,0.61
Masters,France,TOEFL,0.0,90,0,0,0,6.62,1.6,1.2,1,3,2,0.59
Undergraduate,Germany,TOEFL,0.0,105,0,0,0,8.4,3.8,1.1,0,2,3,0.58
Masters,Sweden,DET,0.0,0,0,152,0,9.33,1.8,1.7,1,0,5,0.63
Undergraduate,Switzerland,IELTS,6.9,0,0,0,0,8.1,2.7,2.2,1,0,2,0.64
PhD,France,IELTS,6.4,0,0,0,0,7.17,2.5,2.8,1,1,5,0.67
Undergraduate,Switzerland,IELTS,6.6,0,0,0,0,8.06,3.4,1.2,0,0,3,0.5
Masters,Netherlands,TOEFL,0.0,88,0,0,0,6.68,1.3,4.8,1,1,5,0.68
PhD,Switzerland,TOEFL,0.0,90,0,0,0,9.23,2.2,1.4,1,0,1,0.65
Undergraduate,New Zealand,TOEFL,0.0,91,0,0,0,7.76,1.5,3.0,0,4,1,0.43
Masters,Sweden,GRE,0.0,0,0,0,337,9.64,2.0,3.7,1,3,4,0.72
Masters,Singapore,GRE,0.0,0,0,0,308,8.08,3.2,1.7,0,8,1,0.6
Masters,Australia,IELTS,8.3,0,0,0,0,9.76,4.6,3.4,1,7,2,0.88
Masters,New Zealand,PTE,0.0,0,81,0,0,6.35,1.8,1.2,0,2,3,0.38
PhD,Singapore,PTE,0.0,0,56,0,0,7.55,2.1,4.3,0,3,3,0.51
Undergraduate,Netherlands,PTE,0.0,0,71,0,0,7.12,3.2,1.6,1,5,3,0.69
PhD,Sweden,IELTS,6.2,0,0,0,0,9.95,4.1,1.8,1,2,4,0.72
Undergraduate,Ireland,PTE,0.0,0,67,0,0,9.26,3.8,3.9,1,7,5,0.86
Undergraduate,New Zealand,PTE,0.0,0,51,0,0,6.3,2.4,1.5,1,9,2,0.67
Masters,Canada,GRE,0.0,0,0,0,290,8.49,2.3,1.3,0,5,5,0.52
Masters,Australia,GRE,0.0,0,0,0,319,7.3,3.9,3.6,1,8,1,0.77
Masters,Australia,PTE,0.0,0,70,0,0,7.89,1.5,3.9,1,4,1,0.68
PhD,Ireland,DET,0.0,0,0,141,0,8.25,4.1,3.0,0,10,5,0.67
Undergraduate,UK,DET,0.0,0,0,140,0,7.71,1.1,1.4,0,10,3,0.46
Undergraduate,Ireland,IELTS,7.9,0,0,0,0,7.26,3.0,4.6,1,9,2,0.72
Undergraduate,UK,GRE,0.0,0,0,0,316,7.64,4.0,1.9,1,9,1,0.68
Undergraduate,New Zealand,IELTS,6.9,0,0,0,0,6.64,4.7,4.2,1,7,2,0.76
Undergraduate,Netherlands,TOEFL,0.0,115,0,0,0,9.49,4.2,1.7,1,7,4,0.84
PhD,Ireland,GRE,0.0,0,0,0,337,8.16,4.2,4.6,1,1,1,0.71
PhD,Sweden,GRE,0.0,0,0,0,291,6.44,1.9,2.7,0,7,2,0.51
Masters,New Zealand,IELTS,8.6,0,0,0,0,6.03,3.0,2.7,0,0,4,0.42
Undergraduate,USA,DET,0.0,0,0,127,0,6.48,2.4,4.8,0,6,1,0.5
Undergraduate,Ireland,IELTS,7.6,0,0,0,0,8.81,2.5,4.9,0,1,3,0.62
Undergraduate,Germany,PTE,0.0,0,51,0,0,7.01,3.0,2.2,1,9,1,0.66
Masters,USA,DET,0.0,0,0,92,0,6.15,3.4,3.0,0,8,1,0.47
Undergraduate,Switzerland,TOEFL,0.0,93,0,0,0,7.11,4.6,2.0,0,3,5,0.52
PhD,Singapore,DET,0.0,0,0,103,0,7.96,4.9,2.0,1,7,3,0.78
Undergraduate,Sweden,DET,0.0,0,0,129,0,9.05,2.0,3.9,0,3,4,0.56
PhD,Australia,GRE,0.0,0,0,0,316,8.53,3.5,3.1,0,6,4,0.57
PhD,Singapore,GRE,0.0,0,0,0,292,9.34,2.3,1.7,1,3,2,0.63
PhD,Singapore,DET,0.0,0,0,131,0,8.36,3.7,1.1,0,0,3,0.51
PhD,USA,GRE,0.0,0,0,0,333,6.91,3.6,1.7,0,9,2,0.56
Undergraduate,France,PTE,0.0,0,59,0,0,7.55,4.7,1.6,1,7,5,0.74
PhD,Australia,PTE,0.0,0,65,0,0,6.45,4.7,4.5,1,6,5,0.74
Masters,Ireland,IELTS,8.0,0,0,0,0,9.27,3.2,3.1,1,1,5,0.72
PhD,Singapore,IELTS,6.3,0,0,0,0,9.59,4.6,3.5,1,8,5,0.86
PhD,Netherlands,DET,0.0,0,0,116,0,7.4,3.9,4.6,0,10,1,0.67
Masters,Switzerland,DET,0.0,0,0,127,0,9.12,3.6,1.3,1,9,3,0.74
Undergraduate,Germany,TOEFL,0.0,95,0,0,0,9.59,3.4,1.0,1,6,4,0.72
PhD,Australia,GRE,0.0,0,0,0,338,8.65,1.0,1.6,0,8,1,0.51
Undergraduate,Ireland,GRE,0.0,0,0,0,300,8.77,3.6,1.9,0,1,2,0.55
Masters,Germany,GRE,0.0,0,0,0,310,6.95,2.3,4.0,1,4,5,0.7
PhD,France,GRE,0.0,0,0,0,322,9.4,3.6,3.3,0,7,2,0.6
PhD,UK,GRE,0.0,0,0,0,297,7.47,2.1,2.0,1,0,2,0.63
Undergraduate,France,GRE,0.0,0,0,0,302,7.57,4.6,3.5,0,1,1,0.57
Masters,Ireland,IELTS,7.5,0,0,0,0,8.31,3.0,1.8,1,9,1,0.74
PhD,USA,TOEFL,0.0,90,0,0,0,7.12,1.1,3.6,0,9,2,0.48
Undergraduate,Switzerland,TOEFL,0.0,120,0,0,0,9.76,4.8,4.7,1,4,1,0.82
Undergraduate,Switzerland,DET,0.0,0,0,112,0,6.06,4.7,2.7,0,1,2,0.53
Masters,Ireland,TOEFL,0.0,81,0,0,0,9.85,4.4,2.2,0,4,5,0.65
PhD,Sweden,IELTS,8.6,0,0,0,0,7.27,1.7,3.2,1,2,4,0.67
Masters,France,DET,0.0,0,0,102,0,8.78,3.3,1.4,1,1,5,0.71
PhD,UK,IELTS,9.0,0,0,0,0,6.56,3.1,4.5,1,1,1,0.66
Masters,Australia,IELTS,8.1,0,0,0,0,8.81,2.4,2.2,1,1,2,0.69
Undergraduate,UK,TOEFL,0.0,119,0,0,0,9.24,4.5,4.7,1,0,3,0.78
Masters,Netherlands,PTE,0.0,0,72,0,0,8.01,4.2,3.6,1,10,4,0.84
Masters,Australia,GRE,0.0,0,0,0,291,9.18,4.6,2.4,1,8,3,0.8
Masters,Australia,DET,0.0,0,0,153,0,6.38,3.3,1.1,0,9,5,0.53
Undergraduate,Switzerland,GRE,0.0,0,0,0,311,8.17,2.1,3.4,0,8,5,0.55
Masters,UK,DET,0.0,0,0,124,0,6.15,4.3,2.4,0,6,1,0.47
Masters,Ireland,PTE,0.0,0,53,0,0,8.09,4.1,1.9,0,2,1,0.54
Undergraduate,France,IELTS,6.3,0,0,0,0,6.21,3.1,3.2,1,2,3,0.64
PhD,USA,TOEFL,0.0,105,0,0,0,8.9,4.9,3.1,0,6,3,0.64
Undergraduate,France,IELTS,8.4,0,0,0,0,7.08,2.8,1.3,1,1,5,0.57
PhD,Ireland,GRE,0.0,0,0,0,318,9.85,4.3,3.8,0,3,2,0.64
Masters,UK,DET,0.0,0,0,113,0,6.69,1.6,2.0,0,9,5,0.52
Undergraduate,USA,DET,0.0,0,0,160,0,8.86,3.6,2.1,1,1,3,0.75
Undergraduate,Canada,GRE,0.0,0,0,0,317,8.95,3.2,3.4,1,2,1,0.7
Masters,Switzerland,DET,0.0,0,0,104,0,6.99,2.4,4.0,1,7,5,0.67
Undergraduate,Switzerland,GRE,0.0,0,0,0,318,6.46,1.2,1.2,1,3,5,0.6
PhD,Canada,DET,0.0,0,0,117,0,8.81,2.9,1.4,1,9,1,0.72
Undergraduate,UK,GRE,0.0,0,0,0,340,7.89,1.7,2.7,0,6,3,0.51
Undergraduate,France,GRE,0.0,0,0,0,331,8.46,3.5,1.2,1,6,4,0.71
Undergraduate,Singapore,DET,0.0,0,0,112,0,8.5,3.0,4.4,1,10,4,0.83
PhD,Canada,PTE,0.0,0,55,0,0,6.65,1.3,3.6,1,8,1,0.59
Masters,France,GRE,0.0,0,0,0,320,8.34,4.8,3.3,0,1,5,0.6
PhD,Ireland,IELTS,7.9,0,0,0,0,7.83,3.2,4.8,1,3,4,0.72
PhD,Canada,GRE,0.0,0,0,0,291,9.84,4.6,1.8,1,8,4,0.8
PhD,Germany,PTE,0.0,0,83,0,0,6.4,1.1,1.4,0,9,1,0.45
Undergraduate,Netherlands,PTE,0.0,0,65,0,0,6.28,2.3,4.4,0,8,2,0.48
Undergraduate,New Zealand,DET,0.0,0,0,92,0,9.26,2.1,1.5,1,4,5,0.73
PhD,Switzerland,TOEFL,0.0,117,0,0,0,8.52,4.5,3.9,1,4,2,0.8
PhD,Canada,PTE,0.0,0,55,0,0,7.13,1.7,4.0,1,7,4,0.72
Masters,France,DET,0.0,0,0,98,0,9.96,2.7,2.5,0,0,2,0.58
Undergraduate,Australia,GRE,0.0,0,0,0,336,7.36,4.7,4.4,1,0,4,0.72
PhD,Singapore,PTE,0.0,0,73,0,0,9.0,4.0,1.4,0,4,4,0.63
PhD,Netherlands,PTE,0.0,0,64,0,0,8.02,4.3,2.3,1,9,3,0.82
Masters,Netherlands,GRE,0.0,0,0,0,336,7.56,1.0,4.6,0,10,4,0.54
Masters,UK,DET,0.0,0,0,129,0,7.28,4.8,4.8,1,7,1,0.78
Undergraduate,New Zealand,TOEFL,0.0,94,0,0,0,8.53,2.8,2.2,1,2,3,0.66
PhD,Germany,IELTS,8.0,0,0,0,0,9.01,4.2,4.2,0,9,3,0.65
PhD,Germany,GRE,0.0,0,0,0,332,7.98,1.2,3.2,0,10,1,0.53
Masters,Germany,TOEFL,0.0,107,0,0,0,9.55,2.4,1.5,1,4,2,0.66
Masters,Ireland,IELTS,8.3,0,0,0,0,8.47,1.4,1.3,1,0,4,0.62
Undergraduate,New Zealand,DET,0.0,0,0,153,0,6.29,4.3,3.8,1,2,3,0.63
Undergraduate,Canada,TOEFL,0.0,116,0,0,0,6.34,4.9,2.5,1,6,2,0.69
Masters,USA,PTE,0.0,0,79,0,0,9.25,4.8,4.9,1,7,5,0.91
PhD,New Zealand,TOEFL,0.0,89,0,0,0,7.51,1.3,4.1,0,6,4,0.54
Undergraduate,Australia,GRE,0.0,0,0,0,327,7.7,4.6,1.4,0,1,2,0.51
Undergraduate,Sweden,PTE,0.0,0,82,0,0,6.05,2.9,1.2,1,6,4,0.58
Undergraduate,Ireland,PTE,0.0,0,52,0,0,6.47,3.6,4.0,1,10,4,0.76
Undergraduate,Australia,TOEFL,0.0,116,0,0,0,9.85,2.5,2.1,1,4,5,0.79
Undergraduate,Sweden,IELTS,6.7,0,0,0,0,9.85,1.0,4.9,0,2,5,0.55
Undergraduate,Australia,GRE,0.0,0,0,0,293,9.56,3.1,5.0,1,6,1,0.75
Masters,Singapore,GRE,0.0,0,0,0,299,8.22,4.9,3.1,1,3,2,0.76
Masters,Canada,DET,0.0,0,0,136,0,8.78,2.8,3.5,1,0,1,0.68
Masters,Canada,PTE,0.0,0,71,0,0,9.6,1.2,2.1,1,3,3,0.72
Masters,Germany,GRE,0.0,0,0,0,321,9.56,2.8,3.5,1,1,1,0.69
Masters,France,DET,0.0,0,0,129,0,6.75,2.9,2.4,0,4,5,0.52
PhD,Netherlands,PTE,0.0,0,73,0,0,6.31,4.9,4.9,1,5,4,0.78
Masters,UK,GRE,0.0,0,0,0,330,8.14,2.2,4.3,0,6,4,0.61
Undergraduate,New Zealand,GRE,0.0,0,0,0,306,6.65,4.6,4.3,1,5,5,0.8
Undergraduate,UK,PTE,0.0,0,78,0,0,8.9,3.5,2.7,0,1,3,0.6
Masters,France,DET,0.0,0,0,139,0,9.46,1.2,1.1,1,2,4,0.64
Masters,Ireland,GRE,0.0,0,0,0,304,9.24,4.9,1.6,1,10,3,0.84
PhD,Netherlands,PTE,0.0,0,55,0,0,7.52,4.9,4.4,0,8,3,0.69
Undergraduate,Germany,PTE,0.0,0,50,0,0,7.87,2.7,2.1,1,3,4,0.62
PhD,Ireland,DET,0.0,0,0,145,0,9.46,4.3,5.0,0,2,4,0.72
PhD,UK,PTE,0.0,0,58,0,0,8.22,4.1,4.8,1,5,4,0.83
Masters,Germany,PTE,0.0,0,60,0,0,6.99,2.8,1.5,0,7,2,0.54
Undergraduate,Singapore,IELTS,7.8,0,0,0,0,6.91,3.7,3.5,1,9,2,0.72
Masters,USA,DET,0.0,0,0,138,0,6.45,3.7,3.1,0,1,5,0.54
Undergraduate,Germany,PTE,0.0,0,50,0,0,8.08,4.4,3.2,0,4,5,0.62
Undergraduate,Sweden,PTE,0.0,0,66,0,0,9.51,2.6,1.5,0,3,5,0.52
Undergraduate,Australia,GRE,0.0,0,0,0,297,9.02,3.5,3.8,0,6,1,0.59
Undergraduate,Singapore,TOEFL,0.0,100,0,0,0,6.55,1.1,2.4,0,6,2,0.45
PhD,Singapore,IELTS,7.2,0,0,0,0,7.75,4.6,2.4,0,4,2,0.57
Undergraduate,France,IELTS,8.4,0,0,0,0,7.59,3.5,4.4,1,0,5,0.75
PhD,UK,TOEFL,0.0,115,0,0,0,6.59,4.7,3.0,0,2,5,0.53
PhD,UK,IELTS,7.4,0,0,0,0,9.92,3.0,2.3,1,9,2,0.81
Undergraduate,USA,TOEFL,0.0,98,0,0,0,6.96,1.3,1.5,0,8,2,0.43
Masters,Canada,DET,0.0,0,0,116,0,6.61,1.6,3.6,1,2,4,0.58
Undergraduate,UK,PTE,0.0,0,87,0,0,7.38,4.6,2.9,1,4,4,0.75
PhD,New Zealand,TOEFL,0.0,114,0,0,0,6.69,1.8,1.2,1,9,2,0.59
PhD,France,DET,0.0,0,0,108,0,7.11,1.7,1.4,1,1,1,0.51
Undergraduate,Netherlands,IELTS,7.4,0,0,0,0,6.83,2.5,3.0,1,7,1,0.67
Masters,Switzerland,PTE,0.0,0,61,0,0,6.16,4.2,3.5,0,0,3,0.45
Undergraduate,Ireland,DET,0.0,0,0,136,0,9.49,4.7,1.2,0,7,2,0.61
Masters,Germany,DET,0.0,0,0,131,0,9.22,4.0,1.7,0,6,2,0.58
Masters,Ireland,DET,0.0,0,0,104,0,7.48,2.9,3.5,1,6,3,0.7
Undergraduate,Canada,IELTS,7.4,0,0,0,0,8.99,1.1,2.0,0,1,4,0.51
Undergraduate,Singapore,DET,0.0,0,0,141,0,9.58,3.0,3.1,1,8,4,0.77
Masters,Ireland,IELTS,7.3,0,0,0,0,8.13,2.0,2.1,1,2,1,0.6
Masters,UK,IELTS,6.1,0,0,0,0,7.29,1.8,2.3,1,8,5,0.65
Masters,Switzerland,IELTS,8.7,0,0,0,0,8.37,3.7,4.2,0,0,4,0.58
Masters,New Zealand,PTE,0.0,0,71,0,0,6.35,3.1,3.3,1,1,1,0.63
Undergraduate,Ireland,DET,0.0,0,0,100,0,7.73,1.5,2.1,1,5,1,0.6
Masters,New Zealand,GRE,0.0,0,0,0,337,8.58,3.3,2.4,1,2,3,0.75
PhD,Australia,DET,0.0,0,0,118,0,8.42,1.9,1.4,0,5,2,0.46
Masters,Australia,TOEFL,0.0,81,0,0,0,6.98,1.6,1.7,1,8,2,0.6
Undergraduate,Singapore,DET,0.0,0,0,144,0,6.69,4.6,1.3,0,0,4,0.49
PhD,France,PTE,0.0,0,81,0,0,7.64,4.9,1.4,1,4,4,0.71
Undergraduate,Sweden,GRE,0.0,0,0,0,297,9.88,4.5,4.3,1,1,4,0.79
Undergraduate,Switzerland,GRE,0.0,0,0,0,334,6.68,3.7,4.7,1,0,1,0.65
Masters,Sweden,IELTS,7.7,0,0,0,0,7.12,4.1,1.7,1,1,5,0.65
PhD,Ireland,PTE,0.0,0,62,0,0,7.7,3.0,2.0,1,4,2,0.62
Masters,Australia,TOEFL,0.0,90,0,0,0,8.44,2.2,3.3,0,4,5,0.53
PhD,France,DET,0.0,0,0,124,0,7.92,3.1,1.2,1,1,4,0.63
PhD,Switzerland,IELTS,6.4,0,0,0,0,6.25,5.0,2.3,0,9,3,0.62
PhD,Canada,GRE,0.0,0,0,0,327,7.02,3.7,4.0,0,2,5,0.57
Undergraduate,Germany,TOEFL,0.0,108,0,0,0,7.89,2.6,2.4,1,10,5,0.8
Undergraduate,Australia,IELTS,8.5,0,0,0,0,9.86,1.5,3.9,1,3,2,0.76
PhD,Netherlands,GRE,0.0,0,0,0,303,6.72,1.3,4.0,1,3,2,0.61
Masters,Singapore,PTE,0.0,0,52,0,0,9.37,1.6,4.2,0,3,3,0.54
Undergraduate,Germany,IELTS,6.5,0,0,0,0,6.66,4.3,3.7,1,9,1,0.74
Undergraduate,Australia,GRE,0.0,0,0,0,316,7.44,4.5,2.6,1,4,2,0.74
PhD,Australia,TOEFL,0.0,116,0,0,0,7.76,2.5,2.9,1,1,1,0.6
Undergraduate,Australia,TOEFL,0.0,91,0,0,0,8.99,3.0,1.9,0,8,1,0.62
Undergraduate,Australia,PTE,0.0,0,73,0,0,7.54,3.2,4.6,0,5,1,0.57
PhD,UK,TOEFL,0.0,86,0,0,0,6.47,4.8,3.5,1,9,3,0.74
Masters,Netherlands,IELTS,6.4,0,0,0,0,9.18,3.5,3.1,0,7,2,0.67
Masters,USA,GRE,0.0,0,0,0,312,9.15,1.6,2.2,0,0,3,0.47
Masters,Germany,IELTS,8.2,0,0,0,0,6.13,3.3,4.0,1,6,2,0.71
Undergraduate,USA,GRE,0.0,0,0,0,314,7.37,4.3,1.4,0,6,5,0.61
PhD,Sweden,TOEFL,0.0,95,0,0,0,6.51,2.6,4.2,1,10,4,0.69
Masters,Singapore,TOEFL,0.0,120,0,0,0,6.92,3.9,3.9,1,6,1,0.72
Masters,Australia,PTE,0.0,0,85,0,0,8.78,3.2,2.0,0,9,4,0.61
Undergraduate,New Zealand,PTE,0.0,0,79,0,0,6.73,4.6,3.3,1,5,3,0.71
Masters,France,IELTS,7.4,0,0,0,0,9.79,1.6,3.3,1,6,3,0.75
Undergraduate,Australia,GRE,0.0,0,0,0,340,8.45,1.1,4.5,1,7,2,0.75
Undergraduate,UK,IELTS,7.7,0,0,0,0,8.79,4.7,3.8,1,9,3,0.81
PhD,Switzerland,TOEFL,0.0,84,0,0,0,8.31,3.4,2.7,0,6,4,0.62
Masters,UK,PTE,0.0,0,59,0,0,9.74,4.7,2.8,1,7,4,0.81
Masters,Ireland,IELTS,9.0,0,0,0,0,9.36,1.5,4.7,0,4,4,0.63
PhD,New Zealand,PTE,0.0,0,53,0,0,8.08,3.4,2.6,0,5,4,0.53
PhD,Germany,TOEFL,0.0,94,0,0,0,7.34,4.2,1.0,0,3,4,0.51
Undergraduate,New Zealand,IELTS,7.2,0,0,0,0,8.15,4.7,2.4,0,3,1,0.55
Masters,USA,TOEFL,0.0,95,0,0,0,8.95,2.8,1.9,0,6,4,0.58
PhD,Australia,DET,0.0,0,0,133,0,6.56,1.7,3.0,1,5,2,0.6
Undergraduate,Ireland,TOEFL,0.0,105,0,0,0,9.66,2.4,3.3,1,3,3,0.75
Undergraduate,UK,PTE,0.0,0,55,0,0,6.05,3.7,1.7,0,0,4,0.49
PhD,Canada,PTE,0.0,0,81,0,0,6.59,2.7,1.3,0,3,1,0.48
Undergraduate,Sweden,TOEFL,0.0,105,0,0,0,8.01,3.4,1.3,0,7,5,0.6
Masters,Singapore,DET,0.0,0,0,149,0,6.84,4.6,1.8,1,4,5,0.67
Undergraduate,Sweden,TOEFL,0.0,86,0,0,0,6.15,2.9,3.3,1,7,2,0.61
PhD,UK,IELTS,8.3,0,0,0,0,7.81,3.1,2.8,0,6,4,0.56
PhD,USA,PTE,0.0,0,54,0,0,8.24,1.6,1.7,0,0,1,0.47
Undergraduate,Ireland,PTE,0.0,0,58,0,0,9.78,2.5,2.1,1,10,2,0.79
Undergraduate,Ireland,TOEFL,0.0,110,0,0,0,7.63,1.1,1.6,1,3,1,0.59
PhD,Netherlands,DET,0.0,0,0,124,0,8.64,1.1,1.9,1,0,1,0.56
PhD,Ireland,IELTS,8.0,0,0,0,0,6.08,1.4,4.2,0,2,1,0.39
PhD,Australia,PTE,0.0,0,51,0,0,8.61,2.0,1.4,0,9,1,0.51
Undergraduate,Canada,GRE,0.0,0,0,0,328,8.89,4.4,4.3,0,1,1,0.59
Undergraduate,USA,GRE,0.0,0,0,0,305,8.67,1.8,2.2,0,9,5,0.63
PhD,Canada,IELTS,6.0,0,0,0,0,6.34,1.8,1.1,1,9,1,0.57
PhD,Canada,DET,0.0,0,0,137,0,8.33,2.7,4.6,0,2,5,0.62
Masters,Singapore,TOEFL,0.0,96,0,0,0,7.37,2.0,2.5,0,8,2,0.53
Masters,New Zealand,DET,0.0,0,0,136,0,7.07,3.5,2.6,0,6,1,0.53
Masters,Ireland,DET,0.0,0,0,121,0,7.74,2.2,4.8,0,6,3,0.6
PhD,Germany,TOEFL,0.0,101,0,0,0,6.56,4.5,2.9,1,7,4,0.77
PhD,New Zealand,DET,0.0,0,0,148,0,9.2,2.7,1.1,0,0,3,0.48
Masters,UK,PTE,0.0,0,90,0,0,8.17,3.5,2.0,0,9,5,0.58
Masters,USA,DET,0.0,0,0,157,0,9.34,4.9,3.1,1,9,1,0.8
PhD,USA,GRE,0.0,0,0,0,317,7.09,1.1,4.7,1,9,3,0.66
Masters,Germany,DET,0.0,0,0,146,0,8.31,2.1,3.2,0,8,4,0.6
PhD,UK,TOEFL,0.0,99,0,0,0,9.32,1.8,1.0,1,6,3,0.65
PhD,New Zealand,DET,0.0,0,0,112,0,9.6,4.5,3.4,0,10,4,0.74
PhD,Canada,DET,0.0,0,0,98,0,8.66,1.7,4.7,1,0,5,0.69
PhD,UK,GRE,0.0,0,0,0,307,7.53,3.1,1.2,1,2,3,0.6
Undergraduate,Ireland,PTE,0.0,0,72,0,0,8.95,1.3,3.4,1,1,1,0.61
Undergraduate,UK,GRE,0.0,0,0,0,290,7.56,2.2,2.4,1,1,5,0.66
PhD,New Zealand,TOEFL,0.0,85,0,0,0,7.19,3.3,2.9,0,5,3,0.56
PhD,Australia,GRE,0.0,0,0,0,294,9.75,3.9,1.9,0,2,1,0.53
Masters,Canada,IELTS,6.8,0,0,0,0,8.38,1.2,3.0,0,6,3,0.54
Undergraduate,France,TOEFL,0.0,118,0,0,0,7.34,4.1,1.4,1,1,3,0.61
Masters,Canada,IELTS,8.2,0,0,0,0,7.98,3.8,2.7,0,7,2,0.56
PhD,Singapore,PTE,0.0,0,70,0,0,9.28,4.2,3.8,1,10,2,0.82
PhD,USA,DET,0.0,0,0,159,0,8.36,2.4,1.4,1,7,1,0.71
Undergraduate,Netherlands,IELTS,6.4,0,0,0,0,9.8,2.8,1.7,1,2,5,0.74
PhD,Ireland,PTE,0.0,0,64,0,0,9.49,3.9,4.2,1,2,5,0.82
PhD,Switzerland,TOEFL,0.0,104,0,0,0,8.77,4.4,2.0,0,3,1,0.57
Masters,Singapore,GRE,0.0,0,0,0,300,6.88,5.0,4.8,0,1,2,0.52
Undergraduate,Netherlands,GRE,0.0,0,0,0,312,8.82,4.7,1.7,1,1,1,0.71
Masters,Switzerland,TOEFL,0.0,117,0,0,0,9.66,1.1,3.8,0,8,2,0.58
PhD,UK,GRE,0.0,0,0,0,307,9.7,4.9,4.8,1,2,1,0.81
Undergraduate,Singapore,PTE,0.0,0,74,0,0,9.45,4.4,2.3,1,4,4,0.82
PhD,New Zealand,PTE,0.0,0,81,0,0,6.15,3.4,1.9,0,6,2,0.45
Masters,France,PTE,0.0,0,71,0,0,6.31,3.8,2.4,0,1,2,0.49
Masters,Australia,IELTS,6.2,0,0,0,0,7.26,3.2,4.2,0,0,2,0.49
Masters,Canada,GRE,0.0,0,0,0,308,8.5,4.5,3.5,0,9,5,0.67
Undergraduate,Netherlands,TOEFL,0.0,103,0,0,0,6.1,4.5,1.1,0,5,3,0.54
PhD,Germany,DET,0.0,0,0,140,0,8.12,4.8,4.2,0,8,2,0.71
PhD,UK,PTE,0.0,0,90,0,0,7.4,4.1,2.6,1,5,1,0.69
PhD,Germany,TOEFL,0.0,108,0,0,0,8.51,4.5,4.9,0,1,4,0.66
Undergraduate,Australia,IELTS,7.3,0,0,0,0,7.69,4.0,2.0,0,10,4,0.58
Masters,Switzerland,GRE,0.0,0,0,0,337,7.42,2.1,2.2,1,1,5,0.6
PhD,Ireland,GRE,0.0,0,0,0,339,6.17,1.1,5.0,1,1,3,0.58
Masters,USA,IELTS,7.2,0,0,0,0,8.72,1.9,4.8,1,0,5,0.74
Undergraduate,Switzerland,IELTS,6.3,0,0,0,0,7.67,4.5,4.8,1,2,5,0.77
Masters,New Zealand,IELTS,7.8,0,0,0,0,6.67,5.0,1.9,0,7,5,0.64
Masters,Singapore,GRE,0.0,0,0,0,321,8.6,3.4,3.1,1,7,2,0.73
PhD,New Zealand,PTE,0.0,0,61,0,0,6.71,1.9,1.7,0,8,1,0.49
Masters,Switzerland,IELTS,7.1,0,0,0,0,6.23,4.9,4.5,0,4,2,0.61
Undergraduate,Switzerland,DET,0.0,0,0,132,0,9.98,1.7,2.6,0,7,1,0.61
PhD,UK,DET,0.0,0,0,152,0,8.78,1.6,4.3,1,1,5,0.67
PhD,Germany,IELTS,6.7,0,0,0,0,8.15,3.4,3.3,1,10,4,0.75
Undergraduate,Sweden,IELTS,8.6,0,0,0,0,7.06,1.5,4.6,0,10,5,0.63
Masters,Switzerland,IELTS,8.6,0,0,0,0,9.24,3.6,3.2,1,7,4,0.76
Undergraduate,Netherlands,PTE,0.0,0,62,0,0,7.63,2.5,2.0,1,4,1,0.65
PhD,France,GRE,0.0,0,0,0,309,7.98,1.3,1.9,1,10,4,0.71
Undergraduate,USA,DET,0.0,0,0,90,0,6.3,4.4,3.0,1,2,3,0.66
Masters,USA,TOEFL,0.0,89,0,0,0,8.37,4.3,2.4,0,2,1,0.57
PhD,Sweden,PTE,0.0,0,85,0,0,8.26,2.1,4.5,1,2,5,0.74
Undergraduate,Canada,TOEFL,0.0,112,0,0,0,8.63,4.4,4.5,1,3,1,0.78
PhD,Australia,IELTS,8.5,0,0,0,0,8.79,3.7,3.5,1,0,5,0.76
Masters,Ireland,PTE,0.0,0,65,0,0,6.63,4.5,4.5,1,3,2,0.66
Masters,Switzerland,DET,0.0,0,0,155,0,9.3,1.5,2.3,0,6,2,0.57
Masters,Sweden,PTE,0.0,0,86,0,0,6.64,4.3,4.3,0,4,3,0.57
PhD,Australia,IELTS,6.0,0,0,0,0,7.15,3.5,4.9,1,4,4,0.75
Masters,Australia,DET,0.0,0,0,127,0,7.04,3.5,3.2,1,5,3,0.72
Masters,Netherlands,IELTS,6.3,0,0,0,0,9.04,3.2,4.9,0,5,3,0.62
Undergraduate,Singapore,GRE,0.0,0,0,0,329,8.53,4.7,1.4,1,0,2,0.73
PhD,Australia,TOEFL,0.0,114,0,0,0,8.75,1.3,2.2,1,2,1,0.64
Masters,Sweden,DET,0.0,0,0,100,0,6.27,3.3,2.4,0,0,5,0.48
Undergraduate,Singapore,TOEFL,0.0,114,0,0,0,6.18,4.5,4.9,1,7,5,0.82
PhD,Sweden,PTE,0.0,0,79,0,0,9.0,1.5,4.0,1,2,5,0.66
Masters,France,DET,0.0,0,0,118,0,6.09,2.3,3.0,0,3,1,0.46
Masters,Switzerland,GRE,0.0,0,0,0,322,8.73,2.8,2.1,1,8,4,0.8
Undergraduate,Australia,PTE,0.0,0,81,0,0,7.7,2.8,1.7,1,6,1,0.69
Undergraduate,France,PTE,0.0,0,84,0,0,8.77,1.9,1.3,0,6,3,0.55
Undergraduate,UK,PTE,0.0,0,58,0,0,8.62,2.1,4.8,1,10,4,0.77
Undergraduate,Sweden,GRE,0.0,0,0,0,310,7.73,4.8,2.7,1,2,1,0.71
PhD,Australia,PTE,0.0,0,68,0,0,7.59,2.1,4.9,1,4,1,0.67
Masters,New Zealand,IELTS,8.7,0,0,0,0,6.92,1.9,1.1,0,0,4,0.43
Masters,New Zealand,PTE,0.0,0,76,0,0,7.47,4.5,2.9,0,8,2,0.65
Undergraduate,Germany,GRE,0.0,0,0,0,318,6.74,4.5,4.1,1,9,5,0.82
Masters,Switzerland,TOEFL,0.0,93,0,0,0,9.38,4.0,3.5,0,0,4,0.57
Masters,USA,IELTS,6.1,0,0,0,0,9.68,3.5,4.2,0,0,5,0.63
Masters,New Zealand,DET,0.0,0,0,102,0,6.47,1.5,3.7,1,1,1,0.56
Undergraduate,Sweden,TOEFL,0.0,90,0,0,0,6.8,3.0,1.3,1,3,1,0.6
PhD,New Zealand,TOEFL,0.0,91,0,0,0,7.08,4.2,2.2,0,10,5,0.61
PhD,France,GRE,0.0,0,0,0,322,6.05,1.3,2.6,1,6,1,0.57
Masters,Ireland,GRE,0.0,0,0,0,312,8.4,2.2,3.8,0,1,4,0.57
PhD,UK,IELTS,8.3,0,0,0,0,6.16,2.9,1.4,0,8,2,0.45
Undergraduate,Switzerland,PTE,0.0,0,57,0,0,9.95,1.6,3.0,1,4,2,0.73
PhD,UK,TOEFL,0.0,80,0,0,0,8.81,3.2,1.0,1,4,5,0.7
Masters,Germany,TOEFL,0.0,108,0,0,0,8.07,1.4,2.4,0,7,3,0.48
PhD,Singapore,TOEFL,0.0,88,0,0,0,6.31,2.6,1.5,0,8,3,0.5
Masters,Netherlands,DET,0.0,0,0,123,0,8.76,4.2,1.8,0,10,5,0.64
PhD,New Zealand,IELTS,6.3,0,0,0,0,8.55,3.8,1.1,1,4,5,0.77
Masters,USA,GRE,0.0,0,0,0,309,6.21,3.2,3.8,0,1,5,0.54
Masters,France,PTE,0.0,0,55,0,0,8.86,4.2,2.4,1,0,4,0.76
Masters,Ireland,DET,0.0,0,0,120,0,6.32,4.6,3.2,1,9,5,0.79
Masters,Canada,TOEFL,0.0,106,0,0,0,7.81,3.6,3.1,1,7,2,0.76
Masters,Australia,IELTS,6.2,0,0,0,0,6.24,2.0,1.6,1,9,3,0.67
Undergraduate,Sweden,DET,0.0,0,0,127,0,6.88,4.9,2.3,1,0,2,0.62
Undergraduate,New Zealand,GRE,0.0,0,0,0,303,9.16,3.6,3.0,1,0,5,0.74
Undergraduate,France,DET,0.0,0,0,136,0,8.88,1.9,5.0,1,10,5,0.87
Masters,Switzerland,PTE,0.0,0,89,0,0,8.6,1.8,3.7,0,6,4,0.54
Masters,Switzerland,PTE,0.0,0,62,0,0,6.12,2.0,2.9,1,6,1,0.64
Masters,Australia,PTE,0.0,0,88,0,0,8.91,4.0,2.7,0,8,4,0.64
Undergraduate,Australia,DET,0.0,0,0,124,0,7.48,5.0,1.2,1,6,1,0.74
PhD,Sweden,TOEFL,0.0,104,0,0,0,8.31,2.8,3.9,1,4,4,0.73
Undergraduate,New Zealand,TOEFL,0.0,112,0,0,0,9.49,4.6,2.7,1,7,1,0.78
Masters,Australia,TOEFL,0.0,115,0,0,0,8.37,4.6,1.8,1,1,5,0.74
PhD,USA,IELTS,7.9,0,0,0,0,8.93,1.5,3.9,0,5,2,0.6
Undergraduate,Netherlands,TOEFL,0.0,81,0,0,0,6.72,2.0,4.9,0,1,5,0.47
PhD,Sweden,TOEFL,0.0,96,0,0,0,9.42,3.0,2.0,1,9,5,0.84
Undergraduate,Sweden,IELTS,7.3,0,0,0,0,8.06,2.4,3.4,1,4,4,0.67
Masters,Germany,TOEFL,0.0,81,0,0,0,7.56,4.9,2.0,1,0,3,0.7
PhD,USA,IELTS,7.0,0,0,0,0,9.09,1.5,4.9,1,3,3,0.72
Undergraduate,USA,DET,0.0,0,0,137,0,6.94,1.3,1.7,0,5,5,0.47
PhD,Singapore,TOEFL,0.0,80,0,0,0,7.35,4.3,2.7,0,8,5,0.6
Masters,UK,TOEFL,0.0,90,0,0,0,8.47,3.8,1.7,0,8,5,0.59
Masters,USA,DET,0.0,0,0,95,0,6.15,3.9,3.7,1,6,2,0.68
PhD,Netherlands,GRE,0.0,0,0,0,300,9.38,4.2,3.3,1,5,4,0.85
PhD,UK,GRE,0.0,0,0,0,317,6.82,1.4,2.1,1,7,4,0.59
Masters,Australia,IELTS,7.6,0,0,0,0,9.75,1.2,1.5,1,3,1,0.64
PhD,USA,PTE,0.0,0,65,0,0,9.74,2.3,3.0,0,4,3,0.54
PhD,Netherlands,DET,0.0,0,0,133,0,6.59,4.9,4.9,0,10,5,0.63
Masters,New Zealand,GRE,0.0,0,0,0,329,9.81,3.6,4.5,1,6,1,0.81
Undergraduate,Netherlands,TOEFL,0.0,92,0,0,0,8.06,3.0,3.7,1,7,1,0.69
Masters,Australia,TOEFL,0.0,85,0,0,0,6.12,2.2,3.8,1,6,1,0.6
PhD,Singapore,GRE,0.0,0,0,0,319,8.69,4.9,1.4,1,4,3,0.77
Masters,Netherlands,TOEFL,0.0,116,0,0,0,7.78,4.5,1.7,0,3,2,0.56
PhD,UK,TOEFL,0.0,107,0,0,0,9.35,4.8,3.7,1,8,1,0.83
Masters,Ireland,DET,0.0,0,0,109,0,8.47,4.5,3.3,1,7,1,0.73
Masters,Canada,IELTS,8.8,0,0,0,0,8.76,3.7,1.9,1,3,4,0.74
Masters,Sweden,GRE,0.0,0,0,0,290,7.58,3.6,1.4,0,7,1,0.55
Masters,Australia,IELTS,9.0,0,0,0,0,6.19,4.9,2.6,0,1,3,0.54
PhD,Ireland,IELTS,8.3,0,0,0,0,8.27,4.0,4.5,0,4,1,0.59
Masters,Switzerland,TOEFL,0.0,111,0,0,0,7.31,3.7,4.2,1,3,3,0.74
PhD,Switzerland,IELTS,8.4,0,0,0,0,7.74,4.3,1.5,1,10,2,0.75
Masters,Singapore,DET,0.0,0,0,95,0,6.02,2.3,2.5,1,8,3,0.63
PhD,Ireland,PTE,0.0,0,82,0,0,8.78,2.6,2.8,1,4,4,0.7
Masters,Sweden,GRE,0.0,0,0,0,323,7.49,1.9,1.3,1,8,1,0.65
Masters,New Zealand,PTE,0.0,0,59,0,0,8.67,3.5,2.9,0,5,5,0.6
Undergraduate,Sweden,PTE,0.0,0,51,0,0,9.45,3.1,2.9,0,6,2,0.56
Masters,Canada,IELTS,7.0,0,0,0,0,7.52,2.6,3.3,1,1,1,0.63
PhD,Ireland,DET,0.0,0,0,126,0,8.43,4.1,4.3,0,9,3,0.7
Masters,Canada,TOEFL,0.0,103,0,0,0,9.82,1.1,1.8,1,4,2,0.62
Undergraduate,UK,DET,0.0,0,0,155,0,8.59,4.6,2.0,0,7,3,0.67
Masters,Australia,DET,0.0,0,0,129,0,6.24,4.7,2.4,1,1,2,0.6
PhD,UK,GRE,0.0,0,0,0,332,7.94,2.0,2.1,1,0,1,0.57
Undergraduate,New Zealand,PTE,0.0,0,68,0,0,9.21,3.2,2.2,0,5,3,0.6
Undergraduate,New Zealand,TOEFL,0.0,89,0,0,0,8.86,2.1,2.7,0,6,2,0.52
PhD,Canada,PTE,0.0,0,81,0,0,6.72,3.7,1.7,1,6,4,0.68
Masters,Switzerland,DET,0.0,0,0,117,0,8.84,1.4,3.3,0,4,5,0.53
Undergraduate,Ireland,TOEFL,0.0,87,0,0,0,9.85,2.9,4.2,0,6,3,0.66
Undergraduate,Sweden,PTE,0.0,0,74,0,0,6.17,3.5,4.8,1,8,5,0.76
Masters,Singapore,PTE,0.0,0,64,0,0,9.28,4.5,1.9,1,0,2,0.69
Masters,UK,DET,0.0,0,0,157,0,8.44,2.6,4.4,1,7,2,0.79
PhD,New Zealand,GRE,0.0,0,0,0,314,7.41,1.9,4.1,1,5,2,0.65
Masters,Germany,TOEFL,0.0,108,0,0,0,9.29,2.7,3.7,1,0,4,0.68
Undergraduate,New Zealand,PTE,0.0,0,86,0,0,8.5,2.8,3.3,1,6,3,0.7
PhD,UK,GRE,0.0,0,0,0,305,8.95,4.5,1.9,1,6,3,0.74
PhD,Sweden,IELTS,6.1,0,0,0,0,8.57,3.4,3.2,1,8,4,0.76
Masters,Singapore,TOEFL,0.0,112,0,0,0,7.56,3.4,3.0,0,3,1,0.57
Masters,UK,PTE,0.0,0,59,0,0,6.55,3.8,2.6,0,0,5,0.49
Masters,Netherlands,DET,0.0,0,0,130,0,8.87,3.8,5.0,0,2,2,0.58
Undergraduate,UK,DET,0.0,0,0,95,0,6.42,3.9,3.3,1,7,2,0.68
Masters,Australia,GRE,0.0,0,0,0,306,6.32,1.3,4.6,0,4,2,0.43
PhD,France,GRE,0.0,0,0,0,328,7.29,1.9,2.4,0,8,1,0.46
Undergraduate,Sweden,PTE,0.0,0,88,0,0,8.08,1.3,4.2,0,7,5,0.55
Masters,Netherlands,TOEFL,0.0,115,0,0,0,8.16,4.5,3.6,1,2,5,0.77
Undergraduate,Canada,GRE,0.0,0,0,0,297,7.3,2.3,3.7,0,1,5,0.56
Undergraduate,UK,PTE,0.0,0,83,0,0,8.65,3.2,3.9,1,9,5,0.81
Masters,Germany,PTE,0.0,0,67,0,0,6.24,3.2,4.8,0,3,4,0.5
Undergraduate,Ireland,GRE,0.0,0,0,0,314,8.76,1.8,3.1,0,4,5,0.52
Masters,Canada,TOEFL,0.0,85,0,0,0,7.8,4.0,2.4,0,1,3,0.55
PhD,USA,PTE,0.0,0,64,0,0,9.18,4.7,1.9,0,8,2,0.64
PhD,Germany,DET,0.0,0,0,105,0,6.61,5.0,4.7,0,1,5,0.59
Masters,New Zealand,PTE,0.0,0,84,0,0,9.37,3.1,3.5,0,1,1,0.52
PhD,Germany,PTE,0.0,0,51,0,0,9.02,1.5,4.3,0,6,5,0.63
Undergraduate,France,IELTS,8.1,0,0,0,0,6.14,2.2,2.1,1,8,4,0.63
Masters,UK,GRE,0.0,0,0,0,309,6.35,4.7,3.2,1,5,4,0.7
PhD,Australia,GRE,0.0,0,0,0,314,7.59,2.8,3.4,0,7,1,0.55
Masters,New Zealand,GRE,0.0,0,0,0,302,9.68,3.0,5.0,1,8,2,0.86
Undergraduate,Ireland,IELTS,6.6,0,0,0,0,9.72,1.5,4.3,1,1,5,0.72
Masters,Switzerland,GRE,0.0,0,0,0,307,9.51,4.5,4.2,1,0,2,0.8
Undergraduate,UK,IELTS,6.9,0,0,0,0,6.32,2.6,1.7,1,6,1,0.62
PhD,Netherlands,DET,0.0,0,0,115,0,7.38,4.9,3.6,0,5,1,0.62
PhD,UK,TOEFL,0.0,96,0,0,0,6.53,4.4,4.7,1,0,5,0.7
Masters,Ireland,DET,0.0,0,0,116,0,8.43,4.1,1.7,1,2,1,0.68
PhD,Singapore,DET,0.0,0,0,140,0,7.59,1.6,2.5,1,4,1,0.57
Undergraduate,Sweden,PTE,0.0,0,52,0,0,6.1,1.5,4.9,0,3,3,0.47
PhD,Germany,GRE,0.0,0,0,0,307,9.86,2.7,2.2,0,3,3,0.58
Undergraduate,UK,PTE,0.0,0,56,0,0,7.76,1.4,3.6,0,6,2,0.49
Masters,Netherlands,GRE,0.0,0,0,0,305,8.48,3.6,1.6,1,0,2,0.61
PhD,UK,DET,0.0,0,0,128,0,9.12,2.8,1.2,1,10,1,0.79
Undergraduate,France,GRE,0.0,0,0,0,295,6.23,3.8,4.9,1,9,3,0.72
Masters,Ireland,IELTS,6.4,0,0,0,0,6.49,2.2,1.4,0,5,5,0.49
Masters,Netherlands,PTE,0.0,0,63,0,0,6.25,3.0,5.0,0,6,4,0.59
PhD,Switzerland,GRE,0.0,0,0,0,296,8.46,2.2,3.5,1,8,2,0.73
Masters,UK,DET,0.0,0,0,147,0,7.7,1.5,4.5,1,2,1,0.63
PhD,Netherlands,PTE,0.0,0,82,0,0,6.78,2.5,2.7,0,10,2,0.57
PhD,Germany,IELTS,8.2,0,0,0,0,9.08,1.0,2.7,1,10,1,0.71
Masters,Australia,DET,0.0,0,0,99,0,6.08,2.0,4.0,1,3,1,0.56
PhD,UK,GRE,0.0,0,0,0,324,8.14,1.9,1.0,0,0,3,0.42
PhD,USA,PTE,0.0,0,70,0,0,9.9,4.2,4.8,1,10,4,0.91
Masters,Ireland,GRE,0.0,0,0,0,308,6.44,3.2,2.8,1,0,2,0.63
Undergraduate,New Zealand,GRE,0.0,0,0,0,337,6.39,3.0,1.6,1,2,1,0.56
Undergraduate,Netherlands,DET,0.0,0,0,105,0,8.95,2.9,2.5,0,4,2,0.55
Masters,Canada,IELTS,7.4,0,0,0,0,9.14,4.6,4.8,0,6,2,0.71
PhD,New Zealand,IELTS,6.9,0,0,0,0,8.75,2.8,2.0,0,6,3,0.6
Undergraduate,Switzerland,PTE,0.0,0,51,0,0,6.15,4.6,2.8,0,8,1,0.56
PhD,New Zealand,TOEFL,0.0,81,0,0,0,8.64,4.6,3.5,1,8,3,0.83
Undergraduate,UK,TOEFL,0.0,120,0,0,0,6.27,3.1,1.6,0,1,2,0.45
Masters,Germany,TOEFL,0.0,97,0,0,0,8.05,3.7,1.2,1,6,4,0.68
PhD,France,IELTS,8.1,0,0,0,0,6.29,1.3,1.0,0,3,1,0.41
Undergraduate,France,DET,0.0,0,0,101,0,8.95,2.4,2.2,1,7,1,0.69
Masters,Singapore,TOEFL,0.0,91,0,0,0,9.1,3.6,1.7,0,6,5,0.59
Undergraduate,Sweden,PTE,0.0,0,81,0,0,6.39,3.6,4.1,1,5,5,0.69
Undergraduate,UK,GRE,0.0,0,0,0,338,6.08,1.3,4.9,0,9,5,0.52
PhD,Singapore,GRE,0.0,0,0,0,309,9.08,3.5,2.5,0,10,1,0.6
Undergraduate,Netherlands,GRE,0.0,0,0,0,319,6.49,3.5,4.1,0,1,2,0.51
Masters,New Zealand,GRE,0.0,0,0,0,297,8.12,1.2,4.9,0,2,2,0.54
Undergraduate,Sweden,TOEFL,0.0,98,0,0,0,7.17,4.9,3.4,1,8,4,0.79
PhD,UK,PTE,0.0,0,65,0,0,8.99,4.2,3.6,0,7,5,0.65
PhD,France,GRE,0.0,0,0,0,317,7.35,4.7,1.9,0,1,4,0.52
PhD,New Zealand,TOEFL,0.0,86,0,0,0,7.73,2.8,3.5,1,0,3,0.7
Masters,Canada,IELTS,6.7,0,0,0,0,6.49,1.8,4.5,1,1,4,0.64
Masters,New Zealand,PTE,0.0,0,70,0,0,7.14,4.3,4.4,0,4,1,0.6
Masters,Germany,GRE,0.0,0,0,0,340,9.68,2.0,4.0,1,1,3,0.71
Masters,Switzerland,IELTS,8.5,0,0,0,0,8.91,4.1,3.6,1,0,5,0.72
Masters,Sweden,PTE,0.0,0,64,0,0,8.18,4.9,4.7,0,6,2,0.61
Masters,Netherlands,GRE,0.0,0,0,0,331,6.66,1.5,3.9,1,7,4,0.7
Undergraduate,New Zealand,DET,0.0,0,0,154,0,6.85,3.0,4.4,1,8,5,0.77
PhD,USA,PTE,0.0,0,61,0,0,8.17,3.4,3.0,1,4,2,0.69
Undergraduate,Australia,IELTS,7.7,0,0,0,0,8.76,4.5,3.5,1,9,1,0.84
Masters,Netherlands,DET,0.0,0,0,130,0,6.64,2.8,1.0,0,1,4,0.41
Masters,Australia,GRE,0.0,0,0,0,333,8.91,5.0,1.4,1,4,5,0.77
PhD,Netherlands,PTE,0.0,0,59,0,0,9.2,1.8,3.2,1,9,4,0.79
Undergraduate,France,PTE,0.0,0,68,0,0,8.46,1.8,2.4,1,7,3,0.73
Undergraduate,Switzerland,DET,0.0,0,0,153,0,8.22,1.0,4.0,1,6,2,0.63
PhD,Australia,DET,0.0,0,0,134,0,8.98,1.8,4.8,1,9,5,0.79
PhD,Netherlands,DET,0.0,0,0,91,0,7.31,1.6,2.2,0,3,1,0.48
Masters,France,TOEFL,0.0,94,0,0,0,9.99,2.5,2.8,1,4,5,0.79
Undergraduate,Netherlands,DET,0.0,0,0,92,0,9.54,3.4,2.6,0,8,2,0.63
PhD,Australia,DET,0.0,0,0,93,0,8.78,1.0,3.5,0,7,4,0.55
PhD,UK,GRE,0.0,0,0,0,310,9.18,1.4,3.4,0,3,3,0.54
PhD,Canada,IELTS,7.9,0,0,0,0,6.26,3.3,3.2,0,5,4,0.53
PhD,UK,GRE,0.0,0,0,0,300,8.41,3.7,4.2,0,2,4,0.58
Undergraduate,Ireland,GRE,0.0,0,0,0,294,9.3,3.0,1.3,1,4,5,0.69
Masters,USA,DET,0.0,0,0,119,0,7.34,4.1,3.8,0,10,4,0.67
Undergraduate,Switzerland,IELTS,7.6,0,0,0,0,7.76,1.6,2.3,0,5,3,0.49
Undergraduate,UK,DET,0.0,0,0,156,0,6.35,1.9,3.4,1,5,4,0.66
PhD,Switzerland,GRE,0.0,0,0,0,312,9.99,4.7,3.6,0,2,3,0.65
PhD,Netherlands,PTE,0.0,0,64,0,0,8.54,4.1,1.5,0,4,1,0.54
Masters,France,PTE,0.0,0,65,0,0,9.36,2.5,3.3,1,6,2,0.76
Undergraduate,USA,GRE,0.0,0,0,0,319,6.74,2.4,2.3,1,3,4,0.58
Undergraduate,Germany,DET,0.0,0,0,104,0,6.1,4.3,2.1,1,0,5,0.64
Masters,Switzerland,PTE,0.0,0,69,0,0,7.19,4.8,2.0,0,6,2,0.56
Masters,France,PTE,0.0,0,85,0,0,9.49,4.4,1.7,0,9,1,0.68
Undergraduate,Australia,TOEFL,0.0,97,0,0,0,7.83,2.9,1.5,0,6,1,0.47
PhD,New Zealand,IELTS,8.2,0,0,0,0,7.99,2.7,3.9,1,6,5,0.78
Undergraduate,Singapore,DET,0.0,0,0,155,0,6.64,3.4,1.5,0,10,4,0.58
PhD,France,DET,0.0,0,0,155,0,8.63,4.8,1.3,0,5,4,0.57
Undergraduate,Netherlands,PTE,0.0,0,59,0,0,7.13,2.0,2.0,1,2,3,0.64
Undergraduate,Sweden,GRE,0.0,0,0,0,302,7.0,2.1,4.0,0,2,5,0.5
PhD,Netherlands,PTE,0.0,0,90,0,0,9.11,1.3,3.0,0,5,1,0.48
Undergraduate,Singapore,TOEFL,0.0,89,0,0,0,6.25,4.6,1.6,0,0,2,0.46
PhD,Ireland,IELTS,7.2,0,0,0,0,7.39,4.6,1.1,1,3,5,0.72
Masters,France,TOEFL,0.0,94,0,0,0,9.85,3.2,4.7,0,1,3,0.58
Undergraduate,Germany,DET,0.0,0,0,156,0,7.68,2.0,3.9,0,5,3,0.58
Masters,UK,TOEFL,0.0,97,0,0,0,7.03,3.6,1.8,0,7,4,0.56
PhD,Singapore,PTE,0.0,0,70,0,0,7.86,4.9,3.4,1,1,5,0.74
Undergraduate,Switzerland,PTE,0.0,0,66,0,0,6.46,1.6,1.9,0,10,4,0.48
Masters,France,GRE,0.0,0,0,0,319,9.4,3.2,3.1,1,5,3,0.73
Masters,Canada,PTE,0.0,0,67,0,0,9.44,3.9,1.3,0,0,4,0.58
PhD,Sweden,IELTS,7.6,0,0,0,0,6.33,2.8,2.9,0,5,3,0.46
Undergraduate,Switzerland,IELTS,8.8,0,0,0,0,9.4,3.7,2.8,0,3,5,0.62
Undergraduate,Canada,TOEFL,0.0,108,0,0,0,8.6,3.2,1.2,1,8,5,0.75
Undergraduate,New Zealand,IELTS,8.4,0,0,0,0,7.84,1.2,4.1,1,1,2,0.59
Undergraduate,Ireland,DET,0.0,0,0,111,0,7.03,1.7,2.3,1,1,3,0.61
Undergraduate,Canada,TOEFL,0.0,93,0,0,0,8.08,1.8,4.5,1,4,1,0.71
Undergraduate,Singapore,TOEFL,0.0,102,0,0,0,9.48,2.0,2.8,1,6,1,0.77
PhD,Sweden,PTE,0.0,0,67,0,0,9.09,1.1,1.3,0,4,2,0.48
Undergraduate,UK,DET,0.0,0,0,140,0,9.64,3.2,3.0,0,6,5,0.61
PhD,USA,PTE,0.0,0,52,0,0,8.63,4.3,2.5,0,1,4,0.61
PhD,Canada,PTE,0.0,0,66,0,0,9.86,1.8,3.1,1,4,1,0.69
PhD,USA,TOEFL,0.0,98,0,0,0,9.17,3.3,3.5,1,7,2,0.81
Undergraduate,Canada,GRE,0.0,0,0,0,304,7.58,4.7,3.1,1,10,2,0.75
PhD,Canada,TOEFL,0.0,80,0,0,0,8.78,4.2,2.3,1,10,3,0.85
Masters,USA,PTE,0.0,0,74,0,0,9.62,2.1,4.9,1,1,3,0.7
Masters,Germany,PTE,0.0,0,74,0,0,6.81,1.7,4.6,1,1,4,0.65
Undergraduate,New Zealand,TOEFL,0.0,114,0,0,0,6.61,2.8,3.5,0,8,4,0.51
PhD,New Zealand,TOEFL,0.0,98,0,0,0,9.53,4.2,3.0,0,8,3,0.73
Masters,Singapore,GRE,0.0,0,0,0,318,7.67,4.9,3.7,0,9,1,0.65
Undergraduate,Ireland,PTE,0.0,0,78,0,0,6.66,4.5,2.7,0,10,5,0.59
Masters,Canada,TOEFL,0.0,97,0,0,0,6.05,3.2,3.1,0,10,4,0.58
Undergraduate,Germany,GRE,0.0,0,0,0,313,9.56,1.3,3.9,0,3,1,0.51
Undergraduate,Australia,IELTS,8.6,0,0,0,0,9.28,3.2,3.8,0,10,5,0.68
Undergraduate,Germany,PTE,0.0,0,56,0,0,7.88,4.3,2.8,1,9,1,0.75
Masters,Germany,GRE,0.0,0,0,0,326,7.98,4.3,2.3,0,7,3,0.57
PhD,Sweden,PTE,0.0,0,55,0,0,8.85,4.3,1.4,0,0,2,0.51
PhD,Ireland,DET,0.0,0,0,116,0,6.57,2.4,2.8,0,7,2,0.52
PhD,Singapore,TOEFL,0.0,115,0,0,0,8.6,3.5,2.4,0,1,5,0.6
Masters,Ireland,IELTS,7.4,0,0,0,0,9.92,3.5,1.5,0,2,1,0.58
Undergraduate,Canada,GRE,0.0,0,0,0,340,7.3,3.7,1.3,0,4,1,0.46
Masters,Singapore,PTE,0.0,0,82,0,0,9.42,1.9,4.3,1,10,1,0.76
Masters,Germany,PTE,0.0,0,50,0,0,8.57,3.8,3.1,1,7,1,0.74
Masters,Germany,IELTS,6.6,0,0,0,0,6.13,2.2,3.6,0,0,1,0.46
PhD,Sweden,IELTS,8.6,0,0,0,0,9.06,4.2,3.7,1,7,4,0.8
PhD,USA,TOEFL,0.0,101,0,0,0,9.63,3.7,3.2,0,1,3,0.56
Undergraduate,USA,IELTS,7.3,0,0,0,0,7.84,4.5,3.2,0,1,1,0.53
Masters,Switzerland,DET,0.0,0,0,114,0,9.91,1.4,2.7,1,5,1,0.66
PhD,Singapore,DET,0.0,0,0,122,0,8.96,4.7,2.1,0,8,5,0.71
Undergraduate,Sweden,PTE,0.0,0,56,0,0,7.17,4.6,4.0,1,3,4,0.77
PhD,Canada,PTE,0.0,0,79,0,0,6.07,4.9,3.9,1,3,1,0.66
Undergraduate,Australia,IELTS,8.5,0,0,0,0,7.13,4.5,1.5,0,6,5,0.59
PhD,UK,IELTS,7.6,0,0,0,0,6.39,2.0,1.0,0,3,3,0.41
PhD,Germany,IELTS,6.9,0,0,0,0,8.39,2.2,2.2,1,1,1,0.65
Masters,Germany,GRE,0.0,0,0,0,329,6.19,4.6,4.4,1,10,2,0.78
PhD,Canada,DET,0.0,0,0,114,0,8.37,4.6,1.7,1,5,3,0.7
Undergraduate,Netherlands,TOEFL,0.0,106,0,0,0,6.96,4.2,1.1,0,7,2,0.54
Masters,Netherlands,PTE,0.0,0,85,0,0,9.98,4.4,3.1,0,3,3,0.61
Undergraduate,New Zealand,IELTS,8.5,0,0,0,0,8.4,1.5,1.4,1,4,2,0.67
PhD,USA,PTE,0.0,0,52,0,0,8.68,4.3,4.5,1,3,2,0.78
Undergraduate,USA,DET,0.0,0,0,105,0,8.07,2.7,2.3,1,3,1,0.64
Undergraduate,Canada,DET,0.0,0,0,102,0,9.1,3.4,4.6,0,10,4,0.7
Masters,France,DET,0.0,0,0,100,0,8.43,3.5,3.4,1,6,3,0.78
PhD,UK,DET,0.0,0,0,143,0,6.95,3.0,1.4,0,7,1,0.48
Masters,Singapore,TOEFL,0.0,92,0,0,0,7.95,3.6,4.8,1,7,5,0.81
Masters,UK,GRE,0.0,0,0,0,297,8.97,3.0,3.5,1,3,1,0.67
PhD,USA,DET,0.0,0,0,121,0,7.02,2.4,2.9,1,2,2,0.57
PhD,Ireland,DET,0.0,0,0,134,0,6.56,2.1,4.9,1,9,5,0.71
Masters,Germany,TOEFL,0.0,89,0,0,0,7.93,1.8,3.4,1,2,4,0.64
Masters,Switzerland,GRE,0.0,0,0,0,324,6.83,3.1,1.0,0,4,4,0.43
Undergraduate,Netherlands,GRE,0.0,0,0,0,324,6.88,1.1,1.4,0,0,5,0.39
PhD,Canada,IELTS,8.4,0,0,0,0,8.29,3.1,2.2,0,1,2,0.55
Masters,Germany,PTE,0.0,0,62,0,0,7.59,1.3,3.5,1,10,1,0.65
Masters,Australia,TOEFL,0.0,101,0,0,0,7.38,3.0,4.5,0,2,2,0.53
PhD,Germany,PTE,0.0,0,78,0,0,8.81,5.0,1.5,1,7,2,0.76
Undergraduate,Germany,PTE,0.0,0,80,0,0,7.58,2.7,2.6,1,4,4,0.72
Undergraduate,New Zealand,GRE,0.0,0,0,0,319,8.86,3.4,2.2,1,3,4,0.76
Undergraduate,USA,GRE,0.0,0,0,0,291,9.82,4.3,1.0,0,10,5,0.71
PhD,Ireland,DET,0.0,0,0,127,0,6.2,2.0,1.2,1,0,1,0.52
Undergraduate,France,TOEFL,0.0,92,0,0,0,8.75,1.5,2.5,1,7,1,0.68
Undergraduate,USA,DET,0.0,0,0,146,0,7.48,1.5,2.7,1,7,3,0.69
PhD,Germany,DET,0.0,0,0,91,0,6.28,1.3,2.4,0,2,4,0.46
Masters,Sweden,GRE,0.0,0,0,0,301,8.67,3.7,2.4,1,1,5,0.73
PhD,Australia,PTE,0.0,0,68,0,0,6.04,3.5,4.7,1,0,3,0.65
PhD,Australia,IELTS,8.6,0,0,0,0,8.9,1.5,4.6,1,10,1,0.72
Undergraduate,Australia,TOEFL,0.0,97,0,0,0,8.14,1.6,1.0,0,4,3,0.47
PhD,Sweden,IELTS,6.9,0,0,0,0,7.94,3.3,1.2,0,1,2,0.44
Undergraduate,Netherlands,PTE,0.0,0,77,0,0,8.23,2.4,3.9,1,3,5,0.73
Undergraduate,France,TOEFL,0.0,104,0,0,0,9.38,3.8,2.7,0,1,5,0.62
PhD,Netherlands,DET,0.0,0,0,116,0,7.1,2.2,4.2,0,4,3,0.51
Undergraduate,Australia,IELTS,8.4,0,0,0,0,9.29,4.4,4.7,0,3,1,0.63
Undergraduate,Germany,IELTS,7.0,0,0,0,0,8.33,2.5,3.4,0,2,3,0.56
Masters,Singapore,DET,0.0,0,0,98,0,8.75,2.5,1.7,1,0,2,0.63
Undergraduate,UK,PTE,0.0,0,76,0,0,6.57,4.6,2.4,0,8,4,0.55
Undergraduate,Canada,TOEFL,0.0,106,0,0,0,6.1,3.6,3.5,1,3,5,0.66
PhD,Germany,PTE,0.0,0,63,0,0,6.29,2.6,2.2,0,7,5,0.53
Undergraduate,Netherlands,DET,0.0,0,0,144,0,8.42,2.5,1.9,1,6,1,0.73
PhD,Ireland,GRE,0.0,0,0,0,336,7.82,3.8,1.6,1,8,1,0.71
Masters,Germany,TOEFL,0.0,87,0,0,0,6.11,3.0,4.9,1,2,5,0.66
PhD,France,TOEFL,0.0,118,0,0,0,6.16,1.1,2.6,1,1,1,0.49
Masters,France,DET,0.0,0,0,126,0,6.09,4.0,2.8,1,3,5,0.65
Undergraduate,Sweden,PTE,0.0,0,83,0,0,9.6,1.5,4.8,1,6,2,0.74
Masters,Ireland,GRE,0.0,0,0,0,302,9.55,3.4,4.3,1,5,2,0.84
Undergraduate,Australia,GRE,0.0,0,0,0,302,7.15,4.8,2.6,1,2,4,0.69
Undergraduate,Ireland,TOEFL,0.0,110,0,0,0,7.36,3.2,1.6,1,9,2,0.7
Undergraduate,USA,IELTS,7.6,0,0,0,0,9.05,4.3,2.8,1,5,1,0.74
Masters,Germany,GRE,0.0,0,0,0,322,7.04,1.8,1.2,0,1,1,0.38
Masters,Canada,DET,0.0,0,0,128,0,7.08,4.9,3.2,0,0,1,0.5
Masters,Switzerland,TOEFL,0.0,82,0,0,0,8.32,1.6,2.8,0,4,2,0.52
PhD,Sweden,IELTS,7.5,0,0,0,0,7.61,5.0,4.5,0,4,2,0.63
Undergraduate,France,DET,0.0,0,0,107,0,8.28,3.5,1.8,1,8,4,0.74
Undergraduate,Australia,TOEFL,0.0,89,0,0,0,6.16,2.9,3.2,1,5,3,0.62
Masters,France,TOEFL,0.0,86,0,0,0,9.86,4.6,3.9,0,9,4,0.74
PhD,Singapore,GRE,0.0,0,0,0,303,9.48,1.5,4.2,0,7,2,0.56
Masters,New Zealand,TOEFL,0.0,95,0,0,0,9.18,2.1,4.5,0,3,3,0.63
PhD,Netherlands,DET,0.0,0,0,92,0,6.6,2.9,4.9,1,9,3,0.73
PhD,USA,GRE,0.0,0,0,0,293,9.45,3.4,2.5,0,6,3,0.6
Masters,Australia,GRE,0.0,0,0,0,332,6.81,4.0,2.5,1,6,4,0.71
Undergraduate,Sweden,TOEFL,0.0,85,0,0,0,7.97,3.3,4.5,0,7,3,0.67
Undergraduate,Netherlands,PTE,0.0,0,86,0,0,7.63,4.3,4.1,1,0,5,0.74
Undergraduate,New Zealand,IELTS,8.9,0,0,0,0,6.8,1.4,4.4,0,4,1,0.46
Undergraduate,France,IELTS,8.5,0,0,0,0,9.57,1.2,4.5,0,3,5,0.59
PhD,Netherlands,PTE,0.0,0,64,0,0,8.04,3.5,4.7,1,2,5,0.7
Undergraduate,New Zealand,DET,0.0,0,0,128,0,7.91,3.8,3.9,1,3,1,0.73
PhD,Germany,PTE,0.0,0,72,0,0,6.54,2.2,2.4,0,0,1,0.43
Undergraduate,Singapore,IELTS,6.8,0,0,0,0,6.84,4.8,1.0,1,8,3,0.76
PhD,Canada,IELTS,8.0,0,0,0,0,9.31,2.2,1.1,1,7,1,0.72
Undergraduate,Netherlands,GRE,0.0,0,0,0,324,9.34,4.0,1.6,1,6,1,0.77
Undergraduate,Netherlands,DET,0.0,0,0,147,0,9.08,3.6,4.1,0,0,4,0.63
Masters,New Zealand,PTE,0.0,0,60,0,0,8.45,1.4,3.0,1,1,3,0.6
Masters,Canada,GRE,0.0,0,0,0,302,7.63,2.6,1.3,0,2,5,0.48
PhD,UK,TOEFL,0.0,100,0,0,0,6.44,4.2,4.8,1,8,3,0.71
PhD,USA,DET,0.0,0,0,131,0,9.82,3.1,2.2,0,6,5,0.6
Undergraduate,New Zealand,TOEFL,0.0,112,0,0,0,8.0,4.2,3.8,1,8,1,0.73
Undergraduate,Canada,IELTS,6.2,0,0,0,0,7.61,2.2,1.9,1,3,1,0.59
PhD,Germany,PTE,0.0,0,60,0,0,9.21,4.7,2.6,0,0,5,0.66
Undergraduate,UK,TOEFL,0.0,83,0,0,0,7.29,2.9,1.9,1,4,1,0.64
Undergraduate,USA,GRE,0.0,0,0,0,314,9.92,3.4,2.4,1,5,2,0.78
PhD,Australia,DET,0.0,0,0,152,0,6.49,4.6,3.0,0,1,5,0.53
Masters,UK,TOEFL,0.0,100,0,0,0,8.34,3.5,1.3,0,2,1,0.52
PhD,Germany,DET,0.0,0,0,129,0,6.97,3.9,4.3,1,3,1,0.72
Masters,Germany,IELTS,7.7,0,0,0,0,8.08,1.6,4.1,0,10,2,0.56
Masters,Switzerland,PTE,0.0,0,59,0,0,7.99,2.1,1.5,0,8,4,0.56
PhD,USA,DET,0.0,0,0,149,0,6.22,4.0,2.3,0,10,5,0.53
PhD,Singapore,DET,0.0,0,0,146,0,8.04,1.2,2.1,0,9,5,0.57
PhD,Ireland,TOEFL,0.0,109,0,0,0,6.25,4.4,1.0,0,9,3,0.52
Undergraduate,Singapore,DET,0.0,0,0,94,0,8.96,2.3,1.4,1,6,4,0.7
Masters,New Zealand,GRE,0.0,0,0,0,302,7.08,4.4,2.3,1,8,4,0.77
Masters,Canada,IELTS,8.7,0,0,0,0,7.74,4.6,2.5,1,9,5,0.85
PhD,Canada,GRE,0.0,0,0,0,307,6.36,3.7,3.0,1,7,5,0.7
Masters,USA,TOEFL,0.0,103,0,0,0,8.53,3.8,1.0,1,1,2,0.63
PhD,USA,PTE,0.0,0,50,0,0,8.85,3.7,4.9,1,7,5,0.86
Undergraduate,Canada,PTE,0.0,0,53,0,0,9.8,3.8,2.2,1,4,3,0.73
Undergraduate,Ireland,TOEFL,0.0,92,0,0,0,9.13,3.6,1.2,0,0,3,0.52
PhD,New Zealand,DET,0.0,0,0,135,0,9.83,3.0,2.7,0,8,4,0.65
PhD,Singapore,IELTS,6.6,0,0,0,0,7.47,2.5,1.2,0,7,1,0.52
PhD,France,DET,0.0,0,0,133,0,7.67,4.3,4.4,1,4,3,0.73
Undergraduate,Australia,GRE,0.0,0,0,0,318,8.63,2.9,4.5,0,0,3,0.53
Masters,Sweden,IELTS,8.0,0,0,0,0,8.43,2.2,1.5,1,8,1,0.7
PhD,Ireland,GRE,0.0,0,0,0,331,8.95,2.3,3.6,0,0,2,0.51
PhD,Australia,TOEFL,0.0,119,0,0,0,8.85,1.8,4.6,1,4,2,0.69
PhD,Switzerland,PTE,0.0,0,80,0,0,7.47,1.2,1.4,0,9,1,0.48
PhD,UK,IELTS,6.8,0,0,0,0,9.34,1.1,2.5,1,7,2,0.68
Undergraduate,Netherlands,DET,0.0,0,0,146,0,6.08,1.5,2.7,0,7,2,0.45
Masters,Sweden,TOEFL,0.0,108,0,0,0,7.62,3.1,3.4,0,0,4,0.47
PhD,Ireland,PTE,0.0,0,80,0,0,7.86,4.9,3.1,1,9,4,0.83
Undergraduate,Singapore,PTE,0.0,0,79,0,0,7.25,4.1,4.1,0,3,5,0.59
PhD,Australia,PTE,0.0,0,72,0,0,9.9,1.5,1.1,1,4,1,0.69
PhD,Sweden,TOEFL,0.0,88,0,0,0,9.23,1.5,2.1,0,10,2,0.53
PhD,Switzerland,GRE,0.0,0,0,0,324,7.17,4.1,3.1,0,2,2,0.51
Masters,France,PTE,0.0,0,88,0,0,7.49,1.0,2.2,0,2,3,0.45
PhD,USA,IELTS,8.9,0,0,0,0,9.39,1.1,4.6,0,5,4,0.62
Undergraduate,Ireland,IELTS,8.3,0,0,0,0,7.83,2.6,2.2,1,6,5,0.66
PhD,New Zealand,TOEFL,0.0,109,0,0,0,6.91,2.0,2.9,1,9,5,0.72
Masters,USA,GRE,0.0,0,0,0,339,7.9,1.2,4.8,1,2,2,0.69
Masters,UK,PTE,0.0,0,58,0,0,9.14,5.0,3.2,1,0,5,0.83
Masters,Australia,GRE,0.0,0,0,0,296,6.3,2.5,1.9,1,1,2,0.53
Masters,USA,PTE,0.0,0,79,0,0,6.56,3.5,4.1,0,9,3,0.59
Undergraduate,UK,DET,0.0,0,0,106,0,6.59,4.2,3.5,1,6,1,0.69
Masters,France,IELTS,8.0,0,0,0,0,7.04,2.4,4.7,1,9,4,0.72
Masters,Germany,PTE,0.0,0,83,0,0,7.88,4.6,3.8,0,8,3,0.61
Masters,Sweden,DET,0.0,0,0,91,0,6.59,1.0,3.5,1,7,4,0.64
PhD,UK,IELTS,6.4,0,0,0,0,9.83,3.1,2.0,0,8,2,0.63
Undergraduate,Ireland,DET,0.0,0,0,92,0,8.72,1.3,2.1,1,1,4,0.67
PhD,Netherlands,IELTS,7.4,0,0,0,0,8.19,2.7,1.2,0,7,3,0.51
Undergraduate,New Zealand,DET,0.0,0,0,114,0,7.78,1.8,1.2,0,0,3,0.46
Undergraduate,France,IELTS,8.9,0,0,0,0,9.17,4.4,2.0,0,6,3,0.68
Masters,Netherlands,GRE,0.0,0,0,0,307,6.79,4.8,5.0,1,3,1,0.74
Masters,USA,PTE,0.0,0,74,0,0,9.92,3.3,2.0,1,8,2,0.78
Undergraduate,Australia,IELTS,7.8,0,0,0,0,6.29,3.5,4.9,1,4,1,0.64
PhD,UK,GRE,0.0,0,0,0,293,9.17,4.6,4.8,0,10,1,0.76
Undergraduate,Singapore,DET,0.0,0,0,154,0,8.09,4.9,4.0,1,7,3,0.78
Undergraduate,Netherlands,IELTS,7.4,0,0,0,0,8.87,2.0,3.6,1,1,5,0.72
Undergraduate,Netherlands,PTE,0.0,0,60,0,0,6.65,3.3,4.1,1,8,2,0.71
Undergraduate,Australia,IELTS,6.0,0,0,0,0,6.04,2.4,4.7,0,2,4,0.46
Masters,UK,IELTS,7.9,0,0,0,0,6.89,2.3,4.4,1,10,5,0.77
PhD,Australia,GRE,0.0,0,0,0,313,6.38,2.7,1.1,0,8,3,0.48
Masters,France,TOEFL,0.0,95,0,0,0,8.65,1.5,2.2,0,1,4,0.48
Undergraduate,Netherlands,PTE,0.0,0,80,0,0,9.68,5.0,1.2,0,5,3,0.67
PhD,Germany,DET,0.0,0,0,104,0,7.49,2.6,4.0,0,6,3,0.6
Masters,UK,DET,0.0,0,0,131,0,9.8,3.3,2.4,0,8,2,0.67
PhD,Sweden,DET,0.0,0,0,146,0,7.0,3.3,2.4,1,5,5,0.71
Undergraduate,France,DET,0.0,0,0,135,0,6.96,1.8,4.7,1,5,4,0.64
PhD,New Zealand,PTE,0.0,0,70,0,0,8.02,1.9,1.2,1,9,2,0.63
Undergraduate,UK,DET,0.0,0,0,132,0,6.7,4.5,2.1,1,10,1,0.77
Masters,Canada,PTE,0.0,0,80,0,0,8.33,2.7,3.3,0,4,2,0.55
PhD,Singapore,GRE,0.0,0,0,0,315,9.04,2.1,2.4,1,0,3,0.7
Masters,Australia,DET,0.0,0,0,126,0,9.79,4.6,2.7,1,9,5,0.9
Undergraduate,France,PTE,0.0,0,59,0,0,7.91,3.0,1.8,1,2,1,0.64
Masters,Ireland,PTE,0.0,0,79,0,0,6.74,2.3,4.4,1,4,1,0.61
Masters,UK,PTE,0.0,0,88,0,0,6.28,1.3,4.8,1,1,2,0.59
Masters,UK,TOEFL,0.0,109,0,0,0,7.64,4.2,4.3,0,4,3,0.58
Undergraduate,Switzerland,GRE,0.0,0,0,0,292,8.77,4.1,3.6,0,1,1,0.54
PhD,New Zealand,DET,0.0,0,0,98,0,9.5,3.2,2.1,1,2,1,0.69
PhD,Canada,PTE,0.0,0,87,0,0,6.15,1.5,4.1,1,7,2,0.58
Undergraduate,UK,IELTS,7.2,0,0,0,0,8.09,1.2,4.9,1,5,2,0.66
Masters,UK,PTE,0.0,0,86,0,0,7.22,2.2,1.9,1,9,2,0.62
PhD,Ireland,PTE,0.0,0,81,0,0,8.92,4.9,1.9,0,8,2,0.66
Undergraduate,New Zealand,PTE,0.0,0,81,0,0,8.97,4.4,2.7,0,4,1,0.58
Undergraduate,Germany,TOEFL,0.0,120,0,0,0,7.3,3.9,4.3,1,4,1,0.68
PhD,Netherlands,IELTS,7.1,0,0,0,0,9.61,4.2,4.9,0,10,1,0.75
Undergraduate,New Zealand,TOEFL,0.0,104,0,0,0,7.57,3.4,3.6,0,8,3,0.56
PhD,Ireland,DET,0.0,0,0,105,0,8.18,3.8,1.7,0,9,1,0.61
Undergraduate,Switzerland,DET,0.0,0,0,156,0,8.34,4.8,1.2,0,8,1,0.58
Masters,Netherlands,PTE,0.0,0,70,0,0,8.41,2.2,3.9,1,4,1,0.71
PhD,Sweden,TOEFL,0.0,114,0,0,0,6.41,3.1,3.0,1,3,2,0.61
Undergraduate,Sweden,DET,0.0,0,0,101,0,9.73,4.3,3.8,1,4,5,0.86
PhD,UK,PTE,0.0,0,59,0,0,7.85,4.7,3.8,0,6,4,0.66
Masters,USA,IELTS,8.6,0,0,0,0,7.1,4.2,1.8,1,7,2,0.69
Masters,Sweden,TOEFL,0.0,104,0,0,0,7.34,4.9,4.4,1,4,2,0.77
Masters,USA,TOEFL,0.0,101,0,0,0,8.91,3.2,4.8,1,10,1,0.81
PhD,USA,TOEFL,0.0,81,0,0,0,7.52,1.7,4.1,0,2,3,0.52
PhD,Ireland,IELTS,7.2,0,0,0,0,6.1,4.4,1.0,0,2,2,0.48
Undergraduate,Ireland,PTE,0.0,0,62,0,0,9.88,2.8,1.9,1,4,2,0.75
PhD,Netherlands,DET,0.0,0,0,158,0,9.27,3.2,4.9,1,10,1,0.78
Masters,Switzerland,IELTS,7.5,0,0,0,0,8.87,4.5,1.7,1,5,2,0.78
Masters,Switzerland,IELTS,7.7,0,0,0,0,7.59,1.5,4.5,1,7,3,0.67
Undergraduate,Ireland,PTE,0.0,0,66,0,0,7.24,2.2,4.5,0,10,2,0.6
Masters,USA,GRE,0.0,0,0,0,313,9.19,2.0,3.5,1,7,1,0.74
PhD,Netherlands,DET,0.0,0,0,103,0,9.33,4.6,1.0,1,8,1,0.79
Masters,Sweden,GRE,0.0,0,0,0,320,6.21,3.2,2.2,0,4,1,0.44
PhD,Sweden,GRE,0.0,0,0,0,326,7.41,3.5,2.3,0,0,4,0.52
PhD,Canada,PTE,0.0,0,86,0,0,7.62,1.3,4.1,1,3,2,0.62
PhD,New Zealand,IELTS,7.3,0,0,0,0,8.74,2.3,1.2,1,2,4,0.65
PhD,New Zealand,IELTS,8.8,0,0,0,0,8.57,3.7,3.5,0,0,4,0.54
Masters,Germany,DET,0.0,0,0,143,0,7.67,4.0,1.4,0,1,1,0.46
Masters,Germany,TOEFL,0.0,103,0,0,0,7.11,2.7,4.9,0,2,3,0.48
Masters,Canada,TOEFL,0.0,95,0,0,0,8.07,1.7,4.9,1,7,1,0.67
PhD,UK,IELTS,7.2,0,0,0,0,8.95,3.8,2.7,1,8,1,0.76
Masters,France,PTE,0.0,0,79,0,0,7.59,2.1,1.8,1,3,1,0.6
Masters,Germany,IELTS,6.8,0,0,0,0,7.15,3.6,4.9,0,7,2,0.61
Masters,France,PTE,0.0,0,77,0,0,6.31,1.3,4.8,1,4,2,0.6
Undergraduate,New Zealand,TOEFL,0.0,112,0,0,0,6.37,3.4,3.5,1,6,2,0.69
PhD,Ireland,PTE,0.0,0,87,0,0,7.07,1.1,4.9,0,8,2,0.5
Undergraduate,UK,IELTS,8.0,0,0,0,0,8.83,3.4,2.3,0,6,1,0.55
PhD,Switzerland,GRE,0.0,0,0,0,297,8.39,4.5,4.8,0,5,1,0.6
Undergraduate,New Zealand,PTE,0.0,0,57,0,0,6.62,4.8,3.9,0,8,3,0.65
PhD,Canada,GRE,0.0,0,0,0,335,6.81,3.4,3.8,0,7,5,0.6
Masters,UK,IELTS,7.2,0,0,0,0,6.06,3.3,2.0,1,0,3,0.58
Masters,Sweden,GRE,0.0,0,0,0,301,9.83,2.6,4.4,0,4,4,0.61
Masters,Singapore,PTE,0.0,0,89,0,0,8.69,4.9,1.4,1,5,2,0.7
Masters,Switzerland,TOEFL,0.0,108,0,0,0,7.73,1.4,4.0,0,3,2,0.53
Masters,Singapore,IELTS,7.3,0,0,0,0,7.03,2.7,3.9,0,6,1,0.48
Undergraduate,USA,PTE,0.0,0,84,0,0,8.36,3.5,3.6,1,10,1,0.75
Undergraduate,New Zealand,TOEFL,0.0,109,0,0,0,8.86,1.4,1.8,0,4,4,0.56
PhD,Sweden,DET,0.0,0,0,104,0,8.95,1.1,2.0,0,2,1,0.44
Undergraduate,Netherlands,DET,0.0,0,0,147,0,7.08,2.0,1.3,0,4,2,0.44
PhD,France,DET,0.0,0,0,132,0,8.93,3.4,3.7,0,8,1,0.59
PhD,Ireland,GRE,0.0,0,0,0,340,9.81,4.4,4.2,1,0,1,0.8
Undergraduate,Netherlands,DET,0.0,0,0,147,0,9.73,3.2,1.8,0,1,1,0.55
Masters,UK,TOEFL,0.0,93,0,0,0,8.97,4.0,3.1,0,7,4,0.61
Undergraduate,Switzerland,PTE,0.0,0,63,0,0,7.48,4.7,3.3,0,6,1,0.59
PhD,UK,PTE,0.0,0,63,0,0,7.08,2.5,4.6,1,6,3,0.72
Undergraduate,Canada,IELTS,8.4,0,0,0,0,7.82,3.5,2.0,1,0,3,0.67
PhD,Singapore,DET,0.0,0,0,115,0,7.71,2.8,3.6,1,3,4,0.74
Undergraduate,New Zealand,TOEFL,0.0,113,0,0,0,6.26,4.3,2.2,1,3,5,0.67
Undergraduate,UK,TOEFL,0.0,87,0,0,0,6.09,2.2,3.0,1,2,1,0.52
Masters,Canada,IELTS,7.5,0,0,0,0,9.71,1.4,4.1,0,9,4,0.63
Undergraduate,Australia,TOEFL,0.0,85,0,0,0,8.62,2.0,1.6,0,4,3,0.48
Undergraduate,Sweden,TOEFL,0.0,82,0,0,0,6.28,1.7,3.7,0,2,1,0.46
Undergraduate,UK,TOEFL,0.0,89,0,0,0,9.26,3.7,1.4,0,0,4,0.53
Undergraduate,France,DET,0.0,0,0,120,0,7.24,2.0,3.1,1,10,1,0.69
PhD,New Zealand,PTE,0.0,0,57,0,0,7.43,2.4,4.3,0,2,3,0.55
Masters,USA,TOEFL,0.0,119,0,0,0,7.23,4.7,4.8,0,6,4,0.62
Masters,Australia,DET,0.0,0,0,121,0,7.42,3.0,4.8,1,3,4,0.75
PhD,New Zealand,GRE,0.0,0,0,0,338,6.41,2.6,3.2,1,5,4,0.66
PhD,Sweden,PTE,0.0,0,64,0,0,6.78,4.4,3.7,1,1,3,0.72
Undergraduate,Switzerland,GRE,0.0,0,0,0,305,9.44,4.0,2.8,1,1,2,0.75
Masters,Netherlands,TOEFL,0.0,113,0,0,0,6.64,3.7,1.7,0,10,2,0.57
PhD,Netherlands,PTE,0.0,0,84,0,0,6.92,1.5,1.7,0,5,1,0.38
Undergraduate,Switzerland,GRE,0.0,0,0,0,317,8.87,3.9,3.1,1,3,5,0.74
PhD,Sweden,IELTS,6.3,0,0,0,0,6.08,1.7,4.6,1,5,2,0.6
PhD,Switzerland,PTE,0.0,0,69,0,0,7.42,1.4,1.9,0,0,3,0.42
Undergraduate,Sweden,GRE,0.0,0,0,0,295,8.43,2.0,1.2,1,8,3,0.68
Undergraduate,Netherlands,GRE,0.0,0,0,0,333,6.94,1.9,4.8,1,7,4,0.72
Undergraduate,Switzerland,PTE,0.0,0,60,0,0,8.23,2.7,2.7,0,6,1,0.55
Masters,France,TOEFL,0.0,102,0,0,0,8.79,3.8,1.7,1,1,2,0.69
Undergraduate,Singapore,DET,0.0,0,0,159,0,7.65,4.5,3.5,1,6,2,0.76
Undergraduate,New Zealand,TOEFL,0.0,116,0,0,0,6.46,3.4,1.5,1,9,2,0.65
Undergraduate,Switzerland,IELTS,6.4,0,0,0,0,8.77,1.8,2.6,0,1,4,0.55
Masters,UK,DET,0.0,0,0,158,0,6.82,3.0,2.7,1,1,5,0.59
PhD,France,IELTS,8.4,0,0,0,0,6.28,2.9,3.2,1,1,2,0.61
Masters,Ireland,PTE,0.0,0,76,0,0,8.75,2.0,1.0,1,8,4,0.73
PhD,Australia,IELTS,7.6,0,0,0,0,9.34,4.3,4.4,0,4,2,0.65
Masters,Ireland,PTE,0.0,0,83,0,0,7.33,4.2,2.8,1,0,3,0.64
Masters,Australia,DET,0.0,0,0,144,0,9.42,4.5,2.9,1,6,5,0.79
Undergraduate,Ireland,IELTS,7.2,0,0,0,0,9.21,4.6,1.8,0,7,2,0.59
PhD,Netherlands,DET,0.0,0,0,146,0,9.51,2.6,3.2,1,6,4,0.82
Masters,Singapore,IELTS,6.2,0,0,0,0,8.59,1.3,2.5,1,8,5,0.75
Undergraduate,UK,IELTS,7.3,0,0,0,0,9.99,3.2,2.3,0,3,1,0.55
PhD,UK,DET,0.0,0,0,101,0,7.4,2.5,1.3,1,2,3,0.6
PhD,Netherlands,PTE,0.0,0,54,0,0,7.86,3.9,3.6,0,9,2,0.64
Undergraduate,Germany,DET,0.0,0,0,107,0,6.03,1.9,3.6,1,10,5,0.69
Undergraduate,Switzerland,PTE,0.0,0,75,0,0,6.02,4.2,4.1,0,9,5,0.61
PhD,USA,PTE,0.0,0,89,0,0,6.27,4.1,3.3,0,10,5,0.64
Masters,Australia,PTE,0.0,0,68,0,0,9.01,4.2,3.1,0,4,3,0.59
Masters,Netherlands,TOEFL,0.0,115,0,0,0,8.68,3.5,4.0,1,1,1,0.68
PhD,France,TOEFL,0.0,99,0,0,0,6.78,4.6,4.0,1,3,5,0.78
Masters,Singapore,DET,0.0,0,0,147,0,9.03,3.4,3.6,1,1,3,0.77
Masters,Ireland,DET,0.0,0,0,126,0,8.32,3.5,1.6,1,1,2,0.66
Masters,Switzerland,GRE,0.0,0,0,0,303,8.87,2.1,1.8,0,7,5,0.56
PhD,UK,DET,0.0,0,0,131,0,6.97,1.9,2.7,0,1,1,0.47
Undergraduate,New Zealand,GRE,0.0,0,0,0,302,8.03,1.8,1.3,1,8,2,0.68
PhD,Netherlands,PTE,0.0,0,73,0,0,7.53,4.3,3.6,0,4,5,0.63
Masters,Switzerland,DET,0.0,0,0,105,0,7.09,3.8,2.1,0,1,5,0.56
Undergraduate,UK,IELTS,7.9,0,0,0,0,7.3,2.1,1.8,0,7,4,0.53
Masters,UK,IELTS,6.7,0,0,0,0,8.38,2.1,3.6,1,5,3,0.74
Undergraduate,Canada,GRE,0.0,0,0,0,332,9.11,4.0,1.8,1,7,3,0.73
Undergraduate,Switzerland,DET,0.0,0,0,116,0,8.8,2.5,2.7,1,9,5,0.73
Masters,Switzerland,GRE,0.0,0,0,0,322,7.04,1.1,4.5,1,6,4,0.64
PhD,Ireland,TOEFL,0.0,104,0,0,0,8.23,1.2,3.7,1,9,2,0.69
Masters,Sweden,PTE,0.0,0,76,0,0,9.59,4.6,2.3,1,6,3,0.85
PhD,Switzerland,DET,0.0,0,0,137,0,9.98,4.3,4.4,0,0,4,0.63
Masters,Netherlands,DET,0.0,0,0,112,0,8.31,1.3,1.4,0,5,2,0.53
Undergraduate,Germany,IELTS,7.0,0,0,0,0,8.99,4.2,4.4,0,1,1,0.65
Undergraduate,USA,IELTS,6.7,0,0,0,0,6.16,2.6,1.5,0,7,2,0.42
Masters,France,TOEFL,0.0,103,0,0,0,7.44,4.1,3.3,0,8,5,0.61
Undergraduate,New Zealand,IELTS,8.0,0,0,0,0,6.93,1.1,4.1,1,8,1,0.66
Undergraduate,Ireland,GRE,0.0,0,0,0,336,9.05,1.2,4.3,0,9,2,0.61
Masters,Canada,PTE,0.0,0,60,0,0,8.25,3.5,4.5,1,9,3,0.81
Masters,Switzerland,IELTS,7.7,0,0,0,0,9.96,4.0,2.8,0,8,3,0.71
Masters,USA,GRE,0.0,0,0,0,297,7.56,1.9,3.4,1,1,3,0.67
PhD,Australia,TOEFL,0.0,107,0,0,0,9.72,2.4,3.1,1,4,1,0.7
Undergraduate,USA,PTE,0.0,0,67,0,0,9.98,4.9,3.6,1,3,4,0.87
Masters,New Zealand,GRE,0.0,0,0,0,307,8.86,3.4,1.2,0,8,5,0.61
Undergraduate,Canada,DET,0.0,0,0,107,0,8.7,3.7,2.5,1,4,3,0.78
Undergraduate,USA,IELTS,6.5,0,0,0,0,8.0,3.8,3.8,0,4,2,0.59
PhD,Germany,TOEFL,0.0,104,0,0,0,7.1,1.6,3.5,1,2,4,0.64
Undergraduate,USA,IELTS,6.5,0,0,0,0,8.82,2.8,3.7,0,6,1,0.62
PhD,Australia,IELTS,6.5,0,0,0,0,6.08,4.1,3.4,0,10,2,0.59
Undergraduate,Switzerland,TOEFL,0.0,90,0,0,0,9.35,4.2,4.8,0,10,2,0.72
Masters,Singapore,IELTS,7.5,0,0,0,0,7.61,1.6,3.3,1,5,5,0.66
Undergraduate,New Zealand,DET,0.0,0,0,127,0,9.69,3.3,3.4,1,0,1,0.7
Masters,Switzerland,IELTS,6.2,0,0,0,0,6.13,2.7,1.3,0,1,3,0.42
PhD,New Zealand,DET,0.0,0,0,146,0,9.52,4.5,3.6,1,6,1,0.78
PhD,USA,DET,0.0,0,0,125,0,9.45,4.5,1.8,0,0,3,0.61
Masters,USA,DET,0.0,0,0,97,0,7.15,4.2,5.0,0,4,5,0.57
Undergraduate,Netherlands,IELTS,8.7,0,0,0,0,8.49,4.9,2.9,1,10,1,0.85
PhD,Netherlands,DET,0.0,0,0,102,0,6.25,2.3,1.3,1,6,5,0.67
Masters,Ireland,GRE,0.0,0,0,0,325,9.27,4.4,4.8,0,7,5,0.68
Masters,Singapore,GRE,0.0,0,0,0,291,7.54,1.3,1.8,1,10,1,0.62
Masters,France,PTE,0.0,0,62,0,0,7.88,2.1,1.4,1,4,3,0.6
Masters,USA,GRE,0.0,0,0,0,336,6.59,4.9,4.0,1,6,5,0.81
Masters,Ireland,GRE,0.0,0,0,0,329,7.76,2.1,4.2,0,9,5,0.59
Masters,Australia,GRE,0.0,0,0,0,305,7.2,1.9,1.5,1,9,5,0.65
Undergraduate,Sweden,DET,0.0,0,0,119,0,7.42,3.7,1.3,1,1,2,0.6
Masters,France,IELTS,8.4,0,0,0,0,6.59,2.4,4.5,1,3,3,0.62
Undergraduate,Singapore,PTE,0.0,0,76,0,0,6.33,2.9,2.2,1,2,4,0.62
PhD,Switzerland,DET,0.0,0,0,112,0,9.22,1.5,3.3,0,2,3,0.53
Masters,Sweden,TOEFL,0.0,111,0,0,0,6.58,3.5,2.1,1,0,4,0.62
Masters,Ireland,GRE,0.0,0,0,0,319,6.33,2.8,2.2,0,8,1,0.52
PhD,France,GRE,0.0,0,0,0,334,6.23,2.7,2.8,1,5,4,0.67
PhD,France,GRE,0.0,0,0,0,315,8.3,3.7,4.1,0,4,1,0.62
Masters,Netherlands,IELTS,6.9,0,0,0,0,8.15,4.4,5.0,0,10,3,0.74
Masters,Singapore,IELTS,7.1,0,0,0,0,6.78,3.0,4.0,0,0,1,0.47
PhD,Singapore,IELTS,7.4,0,0,0,0,9.35,2.4,4.4,1,0,2,0.7
Masters,New Zealand,IELTS,7.0,0,0,0,0,7.82,4.0,1.5,0,7,5,0.56
Undergraduate,France,GRE,0.0,0,0,0,326,9.81,1.7,3.3,1,3,3,0.73
Undergraduate,France,IELTS,7.5,0,0,0,0,8.58,1.9,3.2,0,0,5,0.51
PhD,Canada,TOEFL,0.0,103,0,0,0,8.65,1.6,3.3,1,5,2,0.66
Undergraduate,New Zealand,GRE,0.0,0,0,0,303,7.11,1.9,1.7,1,6,4,0.67
PhD,Canada,PTE,0.0,0,76,0,0,7.14,4.7,4.9,0,3,5,0.63
Undergraduate,Sweden,TOEFL,0.0,107,0,0,0,6.57,2.5,4.2,1,3,1,0.62
Masters,Netherlands,DET,0.0,0,0,93,0,6.35,3.2,4.4,0,7,1,0.57
Masters,New Zealand,TOEFL,0.0,83,0,0,0,6.7,3.7,1.9,1,1,1,0.58
Masters,Singapore,PTE,0.0,0,58,0,0,9.5,2.0,2.1,1,0,5,0.63
PhD,Ireland,PTE,0.0,0,82,0,0,9.48,4.2,3.5,0,7,4,0.71
PhD,Netherlands,IELTS,6.5,0,0,0,0,7.83,2.4,1.4,0,5,2,0.49
Undergraduate,Sweden,PTE,0.0,0,64,0,0,9.68,1.2,2.2,1,2,5,0.66
PhD,USA,DET,0.0,0,0,124,0,6.95,4.6,2.9,0,8,2,0.59
Undergraduate,Australia,TOEFL,0.0,86,0,0,0,9.04,1.6,2.9,1,1,5,0.68
Undergraduate,Netherlands,PTE,0.0,0,86,0,0,8.39,5.0,4.1,0,3,3,0.63
PhD,USA,TOEFL,0.0,114,0,0,0,9.31,1.7,1.1,0,7,3,0.52
Undergraduate,USA,GRE,0.0,0,0,0,304,7.36,3.0,3.5,1,3,3,0.72
PhD,Germany,IELTS,7.5,0,0,0,0,8.01,1.2,1.1,1,8,1,0.63
Masters,Netherlands,IELTS,7.3,0,0,0,0,9.36,1.6,1.1,0,6,2,0.52
PhD,USA,TOEFL,0.0,111,0,0,0,6.95,1.2,3.9,1,5,2,0.59
Masters,Australia,PTE,0.0,0,58,0,0,8.43,2.1,1.7,1,5,1,0.64
PhD,Singapore,PTE,0.0,0,55,0,0,9.21,2.6,4.0,0,6,5,0.6
Masters,USA,TOEFL,0.0,98,0,0,0,9.09,1.9,3.7,1,4,1,0.71
Undergraduate,Netherlands,DET,0.0,0,0,133,0,9.72,2.5,1.3,1,4,2,0.65
Undergraduate,Ireland,TOEFL,0.0,80,0,0,0,9.31,3.1,4.1,1,10,1,0.78
Undergraduate,Singapore,TOEFL,0.0,88,0,0,0,7.38,1.1,4.8,1,3,5,0.68
PhD,New Zealand,IELTS,8.8,0,0,0,0,7.06,3.4,3.7,0,1,3,0.49
PhD,Singapore,IELTS,8.5,0,0,0,0,9.79,4.5,4.0,1,0,3,0.77
Undergraduate,USA,PTE,0.0,0,88,0,0,7.13,4.9,1.0,0,8,3,0.6
PhD,Canada,GRE,0.0,0,0,0,300,8.82,3.5,5.0,0,4,3,0.61
Undergraduate,UK,IELTS,7.0,0,0,0,0,6.32,2.8,2.0,0,8,4,0.5
Masters,Sweden,TOEFL,0.0,92,0,0,0,9.34,4.7,1.7,0,4,1,0.59
Masters,Singapore,PTE,0.0,0,56,0,0,9.71,1.2,1.4,1,3,4,0.64
Undergraduate,Switzerland,GRE,0.0,0,0,0,323,8.38,1.6,4.9,0,0,1,0.49
Undergraduate,Australia,PTE,0.0,0,80,0,0,8.01,2.0,2.9,1,1,2,0.64
PhD,Canada,PTE,0.0,0,74,0,0,9.0,4.0,3.3,1,2,2,0.78
Masters,Netherlands,DET,0.0,0,0,103,0,9.27,4.0,1.2,0,1,1,0.49
Masters,Netherlands,PTE,0.0,0,76,0,0,6.85,3.7,2.6,0,0,3,0.47
Undergraduate,New Zealand,DET,0.0,0,0,120,0,9.54,4.6,4.6,1,4,5,0.84
Undergraduate,Netherlands,TOEFL,0.0,84,0,0,0,8.76,2.1,1.8,0,8,1,0.51
Undergraduate,Sweden,DET,0.0,0,0,123,0,7.37,2.7,4.3,1,6,4,0.69
Masters,Singapore,PTE,0.0,0,83,0,0,8.94,3.1,2.2,0,8,1,0.59
Masters,Sweden,DET,0.0,0,0,109,0,7.2,3.4,2.7,1,1,5,0.63
Masters,USA,DET,0.0,0,0,93,0,6.47,3.2,4.6,0,9,4,0.58
PhD,Australia,IELTS,8.2,0,0,0,0,8.63,4.7,4.3,0,9,3,0.71
Undergraduate,Netherlands,DET,0.0,0,0,114,0,8.63,4.6,2.6,0,2,1,0.55
Undergraduate,New Zealand,TOEFL,0.0,102,0,0,0,6.04,4.3,4.2,0,1,5,0.49
Masters,Netherlands,GRE,0.0,0,0,0,292,8.31,2.9,1.5,1,1,5,0.72
PhD,New Zealand,GRE,0.0,0,0,0,321,6.86,1.3,3.4,0,0,5,0.47
PhD,Ireland,GRE,0.0,0,0,0,306,6.13,3.6,3.1,0,10,2,0.51
Masters,Singapore,PTE,0.0,0,69,0,0,6.69,3.3,2.2,0,2,3,0.52
Undergraduate,Switzerland,PTE,0.0,0,52,0,0,9.27,4.9,2.0,0,0,2,0.63
Masters,Germany,GRE,0.0,0,0,0,302,7.72,2.4,1.2,0,8,3,0.48
Masters,Australia,PTE,0.0,0,64,0,0,8.77,2.8,1.9,0,7,3,0.59
Undergraduate,Germany,DET,0.0,0,0,130,0,7.01,3.3,2.4,0,6,3,0.56
Undergraduate,Germany,TOEFL,0.0,99,0,0,0,9.28,2.9,2.4,0,0,4,0.54
Masters,New Zealand,TOEFL,0.0,113,0,0,0,9.22,2.3,1.8,1,10,2,0.71
PhD,Germany,DET,0.0,0,0,147,0,7.87,2.9,4.4,1,1,3,0.66
Undergraduate,New Zealand,GRE,0.0,0,0,0,331,7.52,4.2,4.3,0,0,4,0.55
PhD,New Zealand,TOEFL,0.0,95,0,0,0,7.84,2.2,4.7,0,6,5,0.56
PhD,Sweden,IELTS,8.8,0,0,0,0,8.74,3.1,1.1,0,3,3,0.53
Masters,Singapore,TOEFL,0.0,87,0,0,0,7.63,1.6,3.6,1,0,1,0.64
Masters,New Zealand,DET,0.0,0,0,99,0,8.25,3.9,1.3,1,1,1,0.64
Masters,Sweden,TOEFL,0.0,83,0,0,0,6.47,3.5,4.8,1,1,2,0.67
PhD,Switzerland,GRE,0.0,0,0,0,297,6.31,2.4,3.2,1,5,1,0.61
PhD,Ireland,PTE,0.0,0,62,0,0,9.33,4.3,3.4,0,5,2,0.63
Undergraduate,Canada,PTE,0.0,0,75,0,0,7.02,1.4,2.4,1,2,2,0.57
PhD,UK,PTE,0.0,0,53,0,0,8.7,3.6,1.3,0,5,5,0.58
PhD,Sweden,PTE,0.0,0,79,0,0,6.73,1.6,4.3,0,10,2,0.49
PhD,Singapore,DET,0.0,0,0,119,0,7.68,1.7,4.5,1,2,5,0.69
PhD,Singapore,GRE,0.0,0,0,0,290,6.93,3.0,3.9,1,1,3,0.7
Undergraduate,France,GRE,0.0,0,0,0,311,6.88,4.5,4.7,1,2,4,0.77
Undergraduate,Ireland,PTE,0.0,0,59,0,0,8.54,3.5,2.6,0,10,3,0.66
PhD,Switzerland,DET,0.0,0,0,123,0,8.13,3.7,2.7,0,9,1,0.62
Masters,UK,IELTS,8.5,0,0,0,0,6.59,4.3,3.2,1,0,1,0.67
Undergraduate,Australia,DET,0.0,0,0,142,0,7.73,2.5,4.7,1,2,1,0.64
Undergraduate,USA,IELTS,8.5,0,0,0,0,7.94,3.1,2.2,1,2,2,0.66
Undergraduate,USA,TOEFL,0.0,110,0,0,0,7.3,1.2,2.1,1,4,3,0.55
Undergraduate,Germany,GRE,0.0,0,0,0,290,9.91,4.9,2.6,1,4,1,0.82
Masters,Netherlands,GRE,0.0,0,0,0,336,7.38,3.7,4.2,1,2,3,0.75
Undergraduate,New Zealand,TOEFL,0.0,99,0,0,0,7.6,4.1,2.1,1,5,4,0.77
Masters,New Zealand,PTE,0.0,0,50,0,0,6.1,3.4,3.6,0,9,2,0.57
Masters,Singapore,IELTS,6.4,0,0,0,0,9.75,1.7,3.5,1,10,5,0.78
Masters,Singapore,DET,0.0,0,0,100,0,7.23,3.2,2.7,1,2,4,0.63
PhD,Sweden,PTE,0.0,0,56,0,0,6.68,2.7,4.0,0,7,4,0.59
Masters,Australia,GRE,0.0,0,0,0,326,6.34,2.6,1.4,0,4,1,0.38
Undergraduate,Germany,PTE,0.0,0,51,0,0,8.65,3.4,1.7,0,5,5,0.56
PhD,Singapore,TOEFL,0.0,103,0,0,0,6.09,4.3,4.9,0,0,1,0.46
Undergraduate,Sweden,PTE,0.0,0,72,0,0,6.93,4.5,4.7,0,2,5,0.58
Masters,UK,GRE,0.0,0,0,0,304,6.2,1.2,3.3,1,9,1,0.61
Undergraduate,New Zealand,IELTS,6.1,0,0,0,0,8.33,1.0,4.1,1,1,1,0.6
Masters,Singapore,GRE,0.0,0,0,0,311,6.16,3.4,2.6,0,4,5,0.56
PhD,Switzerland,DET,0.0,0,0,117,0,8.18,2.1,3.8,0,1,2,0.48
Undergraduate,Ireland,DET,0.0,0,0,101,0,9.62,2.5,3.2,1,4,4,0.71
Undergraduate,Netherlands,IELTS,7.3,0,0,0,0,9.33,4.2,1.9,0,7,2,0.6
Masters,Germany,PTE,0.0,0,59,0,0,9.27,4.7,1.4,0,7,3,0.64
Undergraduate,New Zealand,GRE,0.0,0,0,0,321,7.35,4.5,1.3,1,6,1,0.66
Undergraduate,Singapore,IELTS,8.3,0,0,0,0,6.21,3.0,2.8,0,4,3,0.47
Masters,Singapore,DET,0.0,0,0,160,0,7.58,3.1,1.6,0,5,4,0.54
Masters,France,IELTS,8.4,0,0,0,0,9.04,1.6,1.6,0,10,4,0.56
Undergraduate,Singapore,TOEFL,0.0,111,0,0,0,7.44,2.6,3.7,1,3,5,0.65
PhD,Sweden,GRE,0.0,0,0,0,328,6.14,2.6,3.8,0,2,4,0.45
Undergraduate,Switzerland,TOEFL,0.0,113,0,0,0,8.57,2.0,4.5,0,2,2,0.58
Masters,Sweden,GRE,0.0,0,0,0,296,7.19,1.9,2.6,1,5,4,0.62
Masters,UK,GRE,0.0,0,0,0,302,8.69,4.3,3.7,0,1,1,0.61
Undergraduate,Germany,DET,0.0,0,0,137,0,7.59,1.6,4.0,1,4,1,0.63
Undergraduate,USA,IELTS,8.0,0,0,0,0,7.08,1.3,5.0,0,0,2,0.42
Masters,Ireland,IELTS,9.0,0,0,0,0,9.91,4.2,3.6,0,4,3,0.67
Undergraduate,Germany,GRE,0.0,0,0,0,331,9.46,2.2,2.9,0,7,4,0.63
PhD,Canada,PTE,0.0,0,82,0,0,7.64,2.7,2.3,0,0,1,0.46
Undergraduate,Germany,IELTS,8.6,0,0,0,0,6.81,4.7,3.8,0,5,4,0.63
Undergraduate,USA,DET,0.0,0,0,114,0,8.22,4.1,1.1,0,10,2,0.63
PhD,Ireland,TOEFL,0.0,88,0,0,0,6.16,4.6,5.0,0,9,5,0.62
Masters,New Zealand,GRE,0.0,0,0,0,323,6.84,4.1,2.0,1,3,2,0.69
PhD,Sweden,TOEFL,0.0,85,0,0,0,6.41,1.5,4.9,0,4,1,0.48
Undergraduate,Germany,IELTS,8.5,0,0,0,0,7.3,3.7,3.4,1,5,2,0.71
PhD,Sweden,TOEFL,0.0,109,0,0,0,8.73,3.3,2.7,1,4,3,0.71
Undergraduate,Germany,TOEFL,0.0,102,0,0,0,9.07,1.9,3.8,1,0,5,0.67
Masters,Switzerland,PTE,0.0,0,60,0,0,8.5,4.0,1.9,1,2,2,0.65
PhD,France,PTE,0.0,0,56,0,0,6.52,3.4,4.4,1,7,2,0.66
Masters,Canada,TOEFL,0.0,104,0,0,0,8.94,2.4,2.9,1,6,3,0.78
Masters,Ireland,PTE,0.0,0,72,0,0,7.33,2.9,1.1,1,2,1,0.55
PhD,USA,TOEFL,0.0,89,0,0,0,7.03,1.1,3.5,1,5,3,0.62
PhD,Australia,GRE,0.0,0,0,0,325,8.19,1.7,2.2,1,0,1,0.61
Undergraduate,Germany,PTE,0.0,0,55,0,0,9.86,1.2,4.6,0,10,1,0.64
Undergraduate,Singapore,IELTS,7.7,0,0,0,0,8.0,1.3,1.4,1,2,2,0.6
PhD,New Zealand,TOEFL,0.0,118,0,0,0,7.36,4.7,2.6,1,5,3,0.69
Undergraduate,France,IELTS,8.1,0,0,0,0,7.17,3.1,3.8,1,7,1,0.74
Masters,New Zealand,PTE,0.0,0,90,0,0,9.17,3.7,3.7,0,8,4,0.72
Undergraduate,Switzerland,DET,0.0,0,0,129,0,7.18,1.0,2.1,1,10,4,0.64
PhD,New Zealand,IELTS,8.0,0,0,0,0,8.53,3.4,1.1,0,6,2,0.58
Undergraduate,Germany,PTE,0.0,0,53,0,0,7.29,3.7,3.2,1,7,5,0.73
PhD,USA,DET,0.0,0,0,153,0,6.54,1.4,4.3,0,2,5,0.52
PhD,France,DET,0.0,0,0,115,0,8.6,1.4,2.6,1,7,3,0.72
PhD,Sweden,DET,0.0,0,0,153,0,9.12,1.5,1.0,0,4,1,0.51
Undergraduate,Singapore,DET,0.0,0,0,120,0,7.43,2.0,1.1,1,8,2,0.65
Undergraduate,USA,GRE,0.0,0,0,0,304,9.4,4.8,3.3,1,10,5,0.89
Masters,UK,PTE,0.0,0,62,0,0,6.34,3.2,2.5,1,2,2,0.62
PhD,Sweden,GRE,0.0,0,0,0,302,7.55,2.0,1.4,1,1,5,0.59
Masters,Switzerland,DET,0.0,0,0,129,0,6.39,1.7,4.9,1,7,4,0.68
Undergraduate,Australia,PTE,0.0,0,84,0,0,8.13,4.5,5.0,1,2,3,0.78
PhD,New Zealand,PTE,0.0,0,56,0,0,9.25,2.3,2.2,0,4,1,0.53
Masters,France,DET,0.0,0,0,136,0,8.69,3.7,2.3,0,7,1,0.55
Undergraduate,Netherlands,DET,0.0,0,0,107,0,8.53,1.5,3.3,0,3,1,0.52
